Title,Description,Link,Publication Date
Орбан заявил о нежелании вводить евро в Венгрии из-за «развала» Евросоюза,"Использование евро может теснее связать Венгрию с Евросоюзом, заявил Орбан, отметив свое нежелание запускать этот процесс. По его словам, введение новой валюты не стоит в повестке дня, потому что ЕС «разваливается»",https://www.rbc.ru/politics/02/10/2025/68de3a769a7947745d4348b6,"Mon, 06 Oct 2025 16:02:46 +0300"
Сентябрь в Москве второй раз с начала века оказался солнечнее августа,"Сентябрь в Москве оказался более солнечным, чем август, что произошло лишь второй раз в XXI веке, сообщила специалист &laquo;ИА Метеоновости&raquo; Татьяна Позднякова.",https://www.rbc.ru/rbcfreenews/68ddcc059a7947c120bfaf7b,"Mon, 06 Oct 2025 15:59:57 +0300"
На Tesla подали в суд из-за аварии со сгоревшими в Cybertruck студентами,"В США родители двух студентов колледжа, погибших в аварии с Tesla Cybertruck, утверждают, что трагедия случилась из-за технической неисправности автомобиля.",https://www.rbc.ru/rbcfreenews/67ff6d139a7947599301468a,"Mon, 06 Oct 2025 15:51:53 +0300"
Семин назвал неожиданным уход гендиректора «Спартака»,"Бывший тренер сборной России положительно оценил работу Олега Малышева в «Спартаке», отметив, что специалист большое внимание уделял развитию футбола в клубе",https://www.rbc.ru/sport/06/10/2025/68e395dd9a7947d169ac1276,"Mon, 06 Oct 2025 15:45:16 +0300"
Уличные музыканты «парализовали» работу музыкальной школы в Петербурге,"Администрация Центрального района Санкт-Петербурга подготовила проект, в случае принятия которого уличным музыкантам запретят играть на двух точках улицы Думская, сообщил депутат Законодательного собрания города Андрей Рябоконь.",https://www.rbc.ru/society/17/09/2024/66e950cc9a794721ddc043b4,"Mon, 06 Oct 2025 15:40:36 +0300"
Минкультуры предложило критерии восприятия традиционных ценностей в кино,"Критерии применят для оценки восприятия зрителями контента в онлайн-кинотеатрах, видеосервисах и на телеканалах. Вопросы будут сконцентрированы на «эмоциональном воздействии, удовлетворенности и полезности» кино и сериалов",https://www.rbc.ru/politics/25/08/2025/68abda6a9a7947599e4f1899,"Mon, 06 Oct 2025 15:40:18 +0300"
В Ростове заочно приговорили к пожизненному организатора покушения из СБУ,Южный окружной военный суд в Ростове-на-Дону заочно приговорил к пожизненному лишению свободы подполковника Службы безопасности Украины (СБУ) Павла Савицкого за организацию покушения на российского чиновника.,https://www.rbc.ru/society/03/10/2025/68dfb2989a79472c06b54a84,"Mon, 06 Oct 2025 15:32:21 +0300"
"«УП» узнала, что Сырский расформировал бывшую группировку «Хортица»",Группировка «Днепр» (бывшая «Хортица») отвечала за распределение снарядов между бригадами. Руководивший ею командующий Объединенных сил ВСУ возглавит другое подразделение. «УП» назвала решение Сырского способом «убрать конкурента»,https://www.rbc.ru/rbcfreenews/68a783139a794756292cd3f1,"Mon, 06 Oct 2025 15:27:40 +0300"
В Москве наградили лауреатов HR-премии «В кадре»,В Москве подвели итоги премии правительства Москвы в сфере управления персоналом &laquo;В кадре&raquo;.,https://www.rbc.ru/society/06/10/2025/68e3b0059a794786a1cf591e,"Mon, 06 Oct 2025 15:26:17 +0300"
Сменившая гражданство Касаткина досрочно завершила сезон,"Теннисистка в этом сезоне впервые с 2019 года больше матчей проиграла, чем выиграла. Она пожаловалась на плотный график и эмоциональные проблемы и заявила, что ей нужен перерыв",https://www.rbc.ru/sport/05/10/2025/68e2a8a89a794753d8687bae,"Mon, 06 Oct 2025 15:25:57 +0300"
Умерла автор цикла книг «Хроники Ратшира» Джилли Купер,Британская писательница Джилли Купер умерла в возрасте 88 лет. Она стала знаменитой благодаря серии любовных романов «Хроники Ратшира»,https://www.rbc.ru/rbcfreenews/66dae7329a79477c4015bff1,"Mon, 06 Oct 2025 15:14:01 +0300"
Гладков сообщил о погибшем в результате ракетного удара по Белгороду,"Один человек погиб и еще один пострадал в результате ракетного удара по Белгороду, сообщил Гладков. По его словам, погибший помогал справиться с последствиями предыдущего обстрела",https://www.rbc.ru/politics/29/09/2025/68da1b429a7947f8b977aef3,"Mon, 06 Oct 2025 15:08:51 +0300"
В Долгопрудном эвакуировали ТЦ из-за задымления,"Посетителей торгового центра &laquo;Город&raquo; в Долгопрудном эвакуировали из-за задымления, сообщили РБК в Главном управлении МЧС по Московской области.",https://www.rbc.ru/rbcfreenews/68df90279a7947143f8ce5ea,"Mon, 06 Oct 2025 15:08:16 +0300"
ВМС Украины впервые выступили в роли условного противника НАТО на учениях,"Военно-морские силы Украины на учениях НАТО REPMUS/Dynamic Messenger 25 впервые выступили в качестве противников Североатлантического альянса, сообщает пресс-служба украинского Минобороны в своем телеграм-канале.",https://www.rbc.ru/politics/05/10/2025/68e213659a79473337b030dd,"Mon, 06 Oct 2025 15:06:17 +0300"
Путин назначил двух заместителей директора ФСИН,Заместителями Аркадия Гостева назначены генерал-майоры внутренней службы Андрей Кочуков и Андрей Шмидко. Оба до этого занимали посты врио замглавы ФСИН,https://www.rbc.ru/politics/24/09/2025/68d3a3009a7947724827e0f2,"Mon, 06 Oct 2025 15:03:26 +0300"
«Радиостанция Судного дня» повторила сообщение от февраля 2022 года,"Радиостанция УВБ-76, более известная как &laquo;Радиостанция Судного дня&raquo; или &laquo;Жужжалка&raquo;, передала сообщение, которое звучало в эфире в феврале 2022 года.",https://www.rbc.ru/rbcfreenews/68c3df619a79475ee8bea46d,"Mon, 06 Oct 2025 14:56:43 +0300"
"Залужный заявил, что Украине пора посмотреть в космос","Украине необходимо достичь технологических изменений в сфере космоса. ВСУ демонстрировали в ней «вопиющую уязвимость», считает Залужный. По его словам, космические войска должны сделать упор также на разведку",https://www.rbc.ru/politics/26/08/2025/68ada8309a794747e9e5c58b,"Mon, 06 Oct 2025 14:55:31 +0300"
Сборная Узбекистана поедет на ЧМ-2026 с Фабио Каннаваро,"Итальянец будет готовить сборную Узбекистана к чемпионату мира, который пройдет в США, Канаде и Мексике",https://www.rbc.ru/sport/26/09/2025/68d68af89a79476defdc1bf2,"Mon, 06 Oct 2025 14:48:31 +0300"
В Подольске задержали избившего собаку-инвалида мужчину,"Полиция задержала мужчину, жестоко избившего собаку в подмосковном Подольске, сообщила представитель МВД Ирина Волк в своем телеграм-канале.",https://www.rbc.ru/rbcfreenews/680e332e9a794706f5f3bcd7,"Mon, 06 Oct 2025 14:48:23 +0300"
Euractiv узнал о плане Еврокомиссии найти деньги для производства дронов,"Сейчас ЕК ищет способы оптимизировать финансирование массового производства дронов, пишет Euractiv. Один из вариантов — создание специальной программы по аналогии с ASAP для поддержки производства боеприпасов",https://www.rbc.ru/politics/05/10/2025/68e264989a7947282abf5225,"Mon, 06 Oct 2025 14:44:49 +0300"
На Урале опровергли фейк о запрете въезда из ДНР из-за холеры,"Информация о распространении холеры в ДНР и ограничениях в связи с этим для прибывающих оттуда граждан в Свердловскую область является недостоверной, сообщили в телеграм-канале антитеррористической комиссии региона.",https://www.rbc.ru/politics/23/09/2025/68d220659a7947b78eef8605,"Mon, 06 Oct 2025 14:36:48 +0300"
Краснодарские власти назвали временными ограничения на отдельных АЗС,"Ситуация с поставками топлива в Краснодарском крае находится под контролем, реализация бензина и дизельного топлива осуществляется в плановом режиме, сообщили в региональном оперштабе.",https://www.rbc.ru/economics/01/10/2025/68dd4a2b9a7947a5cce5850a,"Mon, 06 Oct 2025 14:36:24 +0300"
Болеющий за «Спартак» ректор «Бауманки» извинился за пост про ЦСКА,"«Спартак» 5 октября проиграл ЦСКА со счетом 2:3. Михаил Гордин после матча оставил в телеграм-канале комментарий с оскорбительными аббревиатурами про ЦСКА. В вузе отметили, что он принес извинения",https://www.rbc.ru/sport/06/10/2025/68e2a9099a794753d8687bb4,"Mon, 06 Oct 2025 14:33:19 +0300"
Hindustan Times узнала о планах Индии закупить еще пять российских С-400,"Индия планирует закупить у России еще пять комплексов С-400 в дополнение к контрактам о поставках, заключенным в 2018 году, пишет Hindustan Times. Соглашение, как ожидается, одобрят перед визитом Путина в Индию в декабре",https://www.rbc.ru/economics/25/09/2025/68d535fd9a794763b6fa1a7f,"Mon, 06 Oct 2025 14:29:12 +0300"
СВР обвинила Лондон в планах провокации со «злостными агентами Крем­ля»,"Власти Британии расстроены и взбешены провалом попыток нанести &laquo;стратегическое поражение&raquo; России на Украине, сообщили в пресс-бюро Службы внешней разведки (СВР) России.",https://www.rbc.ru/politics/24/09/2025/68d42e159a7947ba1774eed4,"Mon, 06 Oct 2025 14:23:50 +0300"
Мужчина с ножом ранил двух человек у стены Цоя на Арбате,"Мужчина с ножом ранил двух человек у стены Виктора Цоя на Арбате, нападавшего задержали, сообщила пресс-служба столичного ГУ МВД России.",https://www.rbc.ru/rbcfreenews/68b1431a9a79476173527bf1,"Mon, 06 Oct 2025 14:21:11 +0300"
Решетников оценил влияние высоких ставок на потенциал роста экономики,"Усилия правительства и Банка России привели к замедлению инфляции, но «жизнь в условиях высоких ставок» привела к снижению рентабельности предприятий и будущих инвестиций, отметил глава Минэкономразвития",https://www.rbc.ru/economics/24/09/2025/68d3bbf39a7947d0d462c8ba,"Mon, 06 Oct 2025 14:06:36 +0300"
АТОР опровергла запрет на выезд из-за наложения текста в загранпаспорте,"Наползание текста в загранпаспортах не могло стать причиной запрета на выезд за границу, поскольку при выдаче документа его содержание проверяется гражданином, который бы заметил ошибку.",https://www.rbc.ru/society/03/07/2025/6866362e9a79474c80fc7866,"Mon, 06 Oct 2025 14:02:25 +0300"
В Совете Европы рассказали о ходе подготовки спецтрибунала против России,"Совет Европы (СЕ) готов приступить к созданию&nbsp;спецтрибунала&nbsp;против России, сообщил в интервью изданию &laquo;РБК Украина&raquo; генеральный секретарь организации Ален Берсе.",https://www.rbc.ru/rbcfreenews/64239e1f9a7947a17c8e23a1,"Mon, 06 Oct 2025 14:00:52 +0300"
Что известно о новом генеральном директоре «Спартака»,Московский «Спартак» назначил Сергея Некрасова генеральным директором клуба. Что известно о Сергее Некрасове — в материале «РБК Спорта»,https://www.rbc.ru/sport/06/10/2025/68e374e59a7947470ac56756,"Mon, 06 Oct 2025 13:57:38 +0300"
В аэропорту Сочи число задержанных рейсов снизилось до 16,"В международном аэропорту Сочи к 14:20 по московскому времени количество задержанных на вылет рейсов сократилось до 16, сообщает телеграм-канал предприятия.Прилетающие самолеты аэропорт принимает про факту прибытия.",https://www.interfax.ru/russia/1051103,"Mon, 6 Oct 2025 15:54:00 +0300"
"Московская ""вторичка"" до пяти лет оказалась дешевле новостроек на 48%","""Вторичка"", которую ввели не раньше 2020 года, оказалась на 47,8% дешевле новостроек в Москве, выяснили аналитики bnMAP.pro.""В Москве средняя цена кв.м новостроек превышает среднюю цену кв.м в домах на вторичном рынке, получивших РВЭ с 2020 года, на 47,8%.",https://www.interfax.ru/moscow/1051102,"Mon, 6 Oct 2025 15:52:00 +0300"
В Петербурге ввод жилья за девять месяцев сократился на 17%,"В Петербурге в январе-сентябре 2025 года объем ввода жилья составил 1,654 млн кв.",https://www.interfax.ru/business/1051101,"Mon, 6 Oct 2025 15:43:00 +0300"
"Суд в Москве обратил в доход РФ земельный участок, принадлежащий Ходорковскому","Мещанский суд Москвы удовлетворил иск Федеральной службы судебных приставов (ФССП) об обращении в доход государства земельного участка, принадлежащего экс-владельцу ЮКОСа Михаилу Ходорковскому (признан в РФ иноагентом), в качестве взыскания долга, передает корреспондент ""Интерфакса"".""Исковые требования удовлетворить"", - огласил решение судья.По данным суда, речь идет о земельном участке в Одинцовском районе Подмосковья, в деревне Жуковка.Иск был подан начальником отдела по исполнению особо важных исполнительных производств ФССП.В иске указано, что в отделе ФССП находится сводное исполнительное производство, солидарными должниками по которому являются Ходорковский и бывший руководитель МЕНАТЕПа Платон Лебедев.",https://www.interfax.ru/russia/1051100,"Mon, 6 Oct 2025 15:42:00 +0300"
Дмитрий Патрушев отметил рост доли российских семян в АПК почти до 70%,"Доля отечественных семян в российском АПК в последние годы увеличивается и в 2025 году приближается к 70%, сообщил вице-премьер Дмитрий Патрушев на встрече с президентом Владимиром Путиным.""В 2022 году у нас показатель самообеспеченности семенами был на уровне 60%, в 2024 году он превысил 67%.",https://www.interfax.ru/russia/1051097,"Mon, 6 Oct 2025 15:36:00 +0300"
"Один человек погиб, еще один ранен в результате атаки украинского дрона в ЛНР","Украинский беспилотник атаковал гражданский автомобиль в городе Сватово Луганской Народной Республики, в результате погиб мирный житель, еще один получил ранения, сообщили в правительстве региона.""В Сватово в результате атаки беспилотника ВСУ по гражданскому автомобилю погиб мужчина"", - говорится в сообщении, опубликованном в телеграм-канале правительства ЛНР.Уточняется, что еще один мирный житель в результате удара ранен, он госпитализирован с множественными осколочными ранениями.",https://www.interfax.ru/russia/1051099,"Mon, 6 Oct 2025 15:35:00 +0300"
США планируют заключить с Украиной соглашение о беспилотниках,В ответ Вашингтон может продать Киеву оружие на десятки миллиардов долларов,https://www.interfax.ru/world/1051098,"Mon, 6 Oct 2025 15:35:00 +0300"
"В результате ракетного обстрела Белгорода один человек погиб, еще один ранен","В результате ракетного удара по Белгороду погиб мужчина, еще один ранен, сообщил губернатор Белгородской области Вячеслав Гладков.""В результате обстрела погиб мужчина до прибытия бригады скорой помощи.",https://www.interfax.ru/russia/1051096,"Mon, 6 Oct 2025 15:24:00 +0300"
Аграриям приграничья могут продлить на 2026 год льготу по сельхозналогу,"Комитет Госдумы по бюджету поддержал к принятию во втором чтении законопроект о сохранении на 2024-2025 год статуса плательщика единого сельхозналога (ЕСХН) для аграриев, работающих в приграничных регионах - Белгородской, Брянской и Курской областях, одобрил поправку о продлении нормы на 2026 год.Законопроект № 982789-8) в августе внесло в парламент правительство, он уже прошел первое чтение.Согласно действующей норме статьи 346.2 Налогового кодекса, плательщиками единого сельхозналога признаются организации и индивидуальные предприниматели, если в их доходах доля реализации собственной продукции составляет не менее 70%.",https://www.interfax.ru/russia/1051095,"Mon, 6 Oct 2025 15:13:00 +0300"
"В Польше продлили арест украинца, подозреваемого в подрыве ""Северных потоков""","Окружной суд Варшавы в понедельник продлил на 40 дней срок содержания под стражей гражданину Украины Владимиру Ж., которого подозревают в причастности к подрыву газопровода ""Северный поток"", сообщает польский Polsat.Телеканал напоминает, что этого человека недалеко от Варшавы задержали сотрудники польских спецслужб на основании европейского ордера на арест, выданного судом Германии.Изначально прокуратура ходатайствовала о продлении срока его содержания под стражей на семь суток, оно было удовлетворено 1 октября.",https://www.interfax.ru/world/1051092,"Mon, 6 Oct 2025 15:06:00 +0300"
"Трамп пообещал лидерам арабских стран, что Израиль не начнет новый конфликт","Президент США Дональд Трамп во время обсуждения в Белом доме плана по урегулированию ситуации в секторе Газа гарантировал лидерам арабских стран отказ Израиля от силовых акций в дальнейшем, сообщает в понедельник Financial Times (FT) со ссылкой на источники.""Трамп лично гарантировал главам арабских стран, что Израиль не начнет войну"", - сказал собеседник газеты.По словам источников, делегация во главе с израильским премьером Биньямином Нетаньяху пыталась добиться для себя возможности возобновления боевых действий, если ХАМАС нарушит условия соглашения, в частности отказ от любой формы управления этим движением Газой.Американская сторона, по данным FT, ""буквально велела израильским переговорщикам прекратить искать какие-либо лазейки"".29 сентября Трамп обнародовал свой план урегулирования в Газе.",https://www.interfax.ru/world/1051093,"Mon, 6 Oct 2025 15:04:00 +0300"
"Tata Capital планирует крупнейшее IPO года в Индии на $1,7 млрд",Индийская финансовая Tata Capital Ltd.,https://www.interfax.ru/world/1051094,"Mon, 6 Oct 2025 15:02:00 +0300"
BASF приблизилась к продаже Carlyle подразделения лакокрасочных материалов за 7 млрд евро,"Германская химкомпания BASF близка к продаже подразделения по выпуску лакокрасочных материалов американской Carlyle за 7 млрд евро, пишет газета Financial Times со ссылкой на источники.BASF провела аукцион, который привлек интерес нескольких инвесткомпаний, включая KPS Capital Partners.",https://www.interfax.ru/world/1051091,"Mon, 6 Oct 2025 14:57:00 +0300"
Комитет Думы поддержал продление моратория на одновременную уплату налогов при выплате зарплаты по ГОЗ,"Комитет Госдумы по бюджету рекомендовал принять в первом чтении законопроект о продлении до 31 декабря 2026 года для исполнителей гособоронзаказа возможности выплачивать зарплату с отдельного банковского счета без одновременного перечисления уплаты налогов и страховых взносов.Законопроект № 1019756-8 в сентябре внесло в парламент правительство.""Законопроект предлагает продлить до 31 декабря 2026 года мораторий на одновременную уплату налогов и страховых взносов при оплате труда работников с отдельных счетов предприятий - участников ГОЗ в связи с проводимой оптимизацией института единого налогового счета"", - сказал депутатам первый замминистра обороны Леонид Горнин.",https://www.interfax.ru/russia/1051088,"Mon, 6 Oct 2025 14:57:00 +0300"
Комитет Думы поддержал централизацию постановки на налоговый учет иностранных компаний через банки,"Комитет Госдумы по бюджету и налогам на заседании в понедельник поддержал к принятию в первом чтении законопроект, который оставляет для иностранных организаций только один способ постановки на налоговый учет при открытии счета - через банки.",https://www.interfax.ru/russia/1051089,"Mon, 6 Oct 2025 14:55:00 +0300"
Фабио Каннаваро возглавил сборную Узбекистана,"Чемпион мира по футболу Фабио Каннаваро стал главным тренером сборной Узбекистана, говорится в сообщении в телеграм-канале футбольной федерации страны.""Итальянский тренер подготовит нашу команду к чемпионату мира, который пройдет на полях США, Канады и Мексики"", - говорится в сообщении.Сроки контракта со специалистом не уточняются.Для Узбекистана ЧМ-2026 будет дебютным чемпионатом мира.Предыдущим местом работы 52-летнего Каннаваро было загребское ""Динамо"".Каннаваро – бывший защитник итальянских ""Наполи"", ""Пармы"", ""Интера"", ""Ювентуса"", испанского ""Реала"", а также команды ""Аль-Ахли"" из ОАЭ.",https://www.sport-interfax.ru/1051090,"Mon, 6 Oct 2025 14:51:00 +0300"
Фигурант дела о хищении 200 млн рублей Минобороны осужден условно в Петербурге,"Санкт-Петербургский городской суд огласил приговор о хищении денег, выделенных Минобороны РФ на научно-исследовательские работы, сообщает в понедельник объединенная пресс-служба судов северной столицы.Валерий Дрогалин, признанный виновным в особо крупном мошенничестве, получил наказание в виде четырех лет лишения свободы условно.",https://www.interfax.ru/russia/1051086,"Mon, 6 Oct 2025 14:46:00 +0300"
Asahi частично возобновила выпуск и поставки пива после кибератаки,"Японский производитель продуктов питания и напитков Asahi Group частично возобновил производство и поставки пива в Японии после произошедшей на прошлой неделе кибератаки, пишет The Wall Street Journal со ссылкой на представителя компании.Выпуск пива и других напитков возобновился 2 октября на шести японских заводах, после чего возобновились и поставки.Asahi неделей ранее приостановила поставки некоторых напитков после того, как кибератака нарушила работу ее системы приема и доставки заказов.",https://www.interfax.ru/business/1051087,"Mon, 6 Oct 2025 14:40:00 +0300"
Власти Кубани назвали временными ограничения на продажу топлива на ряде АЗС,"Возможные ограничения продажи топлива на отдельных АЗС Краснодарского края носят временный характер и связаны с логистикой, сообщила пресс-служба Министерства топливно-энергетического комплекса и ЖКХ региона.""Ситуация с поставками топлива в регионе находится на контроле.",https://www.interfax.ru/russia/1051085,"Mon, 6 Oct 2025 14:38:00 +0300"
OpenAI может получить 10% акций AMD в рамках сделки на десятки миллиардов долларов,"Американская ИИ-компания OpenAI может получить 10% акций чипмейкера Advanced Micro Devices (AMD).Компании заключили сделку, в рамках которой AMD выпустила в пользу OpenAI варрант на свои обыкновенные акции, говорится в их сообщении.",https://www.interfax.ru/business/1051084,"Mon, 6 Oct 2025 14:36:00 +0300"
"""Автотор"" в 2024 году собрал автомобилей в три раза меньше, чем планировал","Калининградский ""Автотор"" в 2024 году произвел 30,4 тыс.",https://www.interfax.ru/business/1051080,"Mon, 6 Oct 2025 14:34:00 +0300"
Грузоотправителей обяжут согласовывать заявки на перевозку грузов с ж/д операторами,Грузоотправителей могут обязать согласовывать заявки на перевозку грузов с железнодорожными операторами.,https://www.interfax.ru/russia/1051083,"Mon, 6 Oct 2025 14:30:00 +0300"
"Brent подорожала до $65,48 за баррель","Цены на нефть ускорили рост днем в понедельник, трейдеры оценивают баланс спроса и предложения на рынке после менее существенного, чем ожидалось, увеличения квот на добычу странами-участницами ОПЕК+.К 13:55 по Москве декабрьские фьючерсы на Brent дорожали на лондонской бирже ICE Futures на $0,95 (1,47%) до $65,48 за баррель.",https://www.interfax.ru/business/1051082,"Mon, 6 Oct 2025 14:25:00 +0300"
"В Курской области АЗС ""Роснефти"" сделали двухнедельный запас топлива",Все заправочные сети региона отмечают рост потребления на 50%,https://www.interfax.ru/russia/1051079,"Mon, 6 Oct 2025 14:22:00 +0300"
Дмитрий Патрушев заявил о сокращении экспорта зерна из РФ из-за низких цен,РФ в 2025/26 году снижает экспорт зерна из-за низких цен на мировом рынке.,https://www.interfax.ru/business/1051081,"Mon, 6 Oct 2025 14:21:00 +0300"
Рельсовый автобус совершил тестовую поездку по маршруту Смоленск - Витебск,Регулярные пассажирские перевозки начнутся в 2026 году,https://tass.ru/ekonomika/25263123,"Mon, 06 Oct 2025 16:02:44 +0300"
На юге Ирана нашли новые запасы газа объемом более 280 млрд кубометров,"Министр нефти республики Мохсен Пакнежад заявил, что это может сыграть важную роль в пресечении энергетического дисбаланса страны в ближайшие годы",https://tass.ru/ekonomika/25263505,"Mon, 06 Oct 2025 16:01:08 +0300"
"Минфин выплатил купон по евробондам на 6,9 млрд рублей",Срок погашения был установлен в 2042 году,https://tass.ru/ekonomika/25263547,"Mon, 06 Oct 2025 16:00:27 +0300"
Космонавт Матвеев: летчики из Индии прошли подготовку в РФ и готовы к полету,"Денис Матвеев отметил, что он не видит ""никаких препятствий для выполнения поставленной задачи в рамках национальной пилотируемой программы""",https://tass.ru/kosmos/25263513,"Mon, 06 Oct 2025 15:59:40 +0300"
В регионах ПФО ожидается теплая погода с небольшими дождями,В некоторых областях сохраняется высокая пожарная опасность,https://tass.ru/obschestvo/25263415,"Mon, 06 Oct 2025 15:58:01 +0300"
Марочко: после освобождения Отрадного ВС РФ начали активно продвигаться на юг,"Военный эксперт отметил, что российские войска продолжают формировать буферную зону на стыке с Белгородской областью",https://tass.ru/armiya-i-opk/25263491,"Mon, 06 Oct 2025 15:57:37 +0300"
В Таганроге в ДТП с маршруткой пострадали четыре человека,"Водитель легкового автомобиля выехал на полосу встречного движения, в результате чего машина столкнулась с маршрутным такси",https://tass.ru/proisshestviya/25263455,"Mon, 06 Oct 2025 15:57:24 +0300"
Чуда не произошло: почему рейтинги британского премьера все ниже и при чем здесь Россия,"Елена Харитонова — о том, почему в Великобритании сменяются премьер за премьером и ждать ли ухода Стармера",https://tass.ru/opinions/25261839,"Mon, 06 Oct 2025 15:55:00 +0300"
"Бывший нападающий клубов НХЛ Маккегг стал игроком ""Шанхай Дрэгонс""",Контракт с канадским хоккеистом заключен до конца сезона,https://tass.ru/sport/25263481,"Mon, 06 Oct 2025 15:54:46 +0300"
"В Якутии создадут круглогодичный центр ""Воин""",В центре будут заниматься военно-спортивной подготовкой и патриотическим воспитанием молодежи,https://tass.ru/obschestvo/25263331,"Mon, 06 Oct 2025 15:54:12 +0300"
"Израиль ликвидировал командира сил воздушной обороны ""Хезболлах"" в Ливане","Хасан Али Джамиль Атви ""поддерживал связь с Ираном"", где закупал оборудование",https://tass.ru/mezhdunarodnaya-panorama/25263437,"Mon, 06 Oct 2025 15:51:49 +0300"
Из разбившегося в Красноярском крае Ан-2 изъяли образцы топлива,Следователи завершили работу на месте происшествия,https://tass.ru/proisshestviya/25263379,"Mon, 06 Oct 2025 15:51:13 +0300"
"В ГИМ откроется выставка экспонатов из музея-заповедника ""Царское Село""",Экспозицию можно будет посетить с 19 октября по 13 апреля,https://tass.ru/kultura/25263445,"Mon, 06 Oct 2025 15:51:04 +0300"
Яровая призвала как можно скорее разработать профстандарт в сфере биоэкономики,"В ближайшее время биоэкономика станет ""самым важным направлением в экономике страны"", отметила вице-спикер Госдумы",https://tass.ru/ekonomika/25263419,"Mon, 06 Oct 2025 15:49:41 +0300"
"Зеленский утверждает, что США разрешили закупки Patriot","Остро стоит только вопрос финансирования, отметил Владимир Зеленский",https://tass.ru/mezhdunarodnaya-panorama/25263395,"Mon, 06 Oct 2025 15:49:41 +0300"
Путин поручил смягчить условия госэкспертизы для приоритетных проектов,Срок исполнения поручения установлен до 2 февраля 2026 года,https://tass.ru/politika/25263387,"Mon, 06 Oct 2025 15:48:34 +0300"
ЦБ: стоимость ОСАГО при отмене учета износа может вырасти на 40%,"За первое полугодие 2025 года число жалоб на ОСАГО упало с 15 тыс. до 6 тыс., отметил зампред Банка России Филипп Габуния",https://tass.ru/ekonomika/25263369,"Mon, 06 Oct 2025 15:48:33 +0300"
В Волгоградской области завели дело о мошенничестве на 52 млн рублей,Генерального директора строительной фирмы подозревают в присвоении денег при ремонте школы в Волжском,https://tass.ru/proisshestviya/25263359,"Mon, 06 Oct 2025 15:47:47 +0300"
В Карелии экс-глава района незаконно получил 1 млн рублей,Чиновник издавал распоряжения о выплате себе премий и надбавок,https://tass.ru/proisshestviya/25263171,"Mon, 06 Oct 2025 15:47:46 +0300"
"КДК рассмотрит зажжение файера фанатами ""Спартака"" на матче Кубка России","1 октября красно-белые в гостях обыграли ""Пари НН"" со счетом 2:1",https://tass.ru/sport/25263367,"Mon, 06 Oct 2025 15:46:03 +0300"
"ФГ БКС опровергла информацию о покупке банка ""Форштадт""",Об этом ТАСС сообщили в пресс-службе БКС,https://tass.ru/ekonomika/25263361,"Mon, 06 Oct 2025 15:46:00 +0300"
В Душанбе открылась выставка о вкладе культуры и науки РФ в мировую цивилизацию,"Руководитель представительства Россотрудничества Андрей Патрушев назвал эту выставку масштабным и уникальным мероприятием, отметив, что она впервые проходит в Таджикистане",https://tass.ru/obschestvo/25263107,"Mon, 06 Oct 2025 15:45:48 +0300"
Министр экономики Германии призвала к наращиванию производства БПЛА в стране,"По словам Катерины Райхе, необходимо быстрыми темпами наращивать производства беспилотников и постоянно разрабатывать новые технологии в этой сфере, в том числе с использованием искусственного интеллекта",https://tass.ru/ekonomika/25263337,"Mon, 06 Oct 2025 15:45:35 +0300"
Мурманская область ежегодно нуждается в 11-20 млрд рублей для закупки мазута,"Глава региона Андрей Чибис сообщил, что договорился с министром финансов РФ Антоном Силуановым об опережающем финансировании закупок мазута по прогнозной цене",https://tass.ru/ekonomika/25263313,"Mon, 06 Oct 2025 15:44:06 +0300"
Замминистра Шойтов: спрос на кадры в области IТ-безопасности возрастет,"Заместитель министра цифрового развития, связи и коммуникаций также заявил, что ИИ доверят решать достаточно простые традиционные задачи в области ИБ",https://tass.ru/ekonomika/25263319,"Mon, 06 Oct 2025 15:44:03 +0300"
На Кубани назвали временными ограничения на отдельных заправках,"Ситуация с поставками топлива в регионе находится на контроле, отметили в оперштабе",https://tass.ru/ekonomika/25263247,"Mon, 06 Oct 2025 15:43:24 +0300"
В Казахстане снимут новый фильм с Джеки Чаном,"Речь идет о работе над новой частью франшизы ""Доспехи Бога""",https://tass.ru/kultura/25262135,"Mon, 06 Oct 2025 15:42:01 +0300"
"Ридли Скотт считает, что современная киноиндустрия ""тонет в посредственности""",Режиссер раскритиковал чрезмерное использование цифровых эффектов в картинах,https://tass.ru/kultura/25263253,"Mon, 06 Oct 2025 15:41:58 +0300"
ЗАЭС продолжает работу от генераторов,"Радиационная обстановка на промплощадке атомной станции остается в норме, сообщили в Ростехнадзоре",https://tass.ru/mezhdunarodnaya-panorama/25263183,"Mon, 06 Oct 2025 15:41:19 +0300"
Землю Ходорковского и Лебедева по иску ФССП обратили в доход государства,"Речь идет о земельном участке бывшего совладельца ЮКОСа Владимира Дубова, который фактически принадлежит экс-главе компании",https://tass.ru/ekonomika/25263305,"Mon, 06 Oct 2025 15:39:12 +0300"
Регионы ДФО восстановили в ДНР более 1 тыс. соцобъектов с 2022 года,"В 2025 году на подшефных территориях работы велись на 178 объектах, из которых 159 уже завершены",https://tass.ru/obschestvo/25263219,"Mon, 06 Oct 2025 15:37:25 +0300"
В Орловской области опровергли данные об ограничении въезда жителей ДНР в регион,В социальных сетях распространилось фейковое постановление о временном ограничении въезда якобы из-за угрозы распространения холеры,https://tass.ru/obschestvo/25263277,"Mon, 06 Oct 2025 15:37:00 +0300"
Эксперт Масликов: средняя стоимость унции золота в 2025 году составит $3 250,"Рост цен на золото, в частности, стимулируется спросом со стороны центральных банков, стремящихся к диверсификации своих резервов, отметил аналитик ""БКС мир инвестиций""",https://tass.ru/ekonomika/25263269,"Mon, 06 Oct 2025 15:36:14 +0300"
Цыденов предложил передать регионам программы по льготному обеспечению лекарствами,"Глава Бурятии отметил, что это позволит избежать дублирования помощи и предоставить получателям выбор между получением лекарств или денежной компенсацией",https://tass.ru/obschestvo/25263093,"Mon, 06 Oct 2025 15:33:27 +0300"
"""Салават Юлаев"" подписал полноценный контракт с хоккеистом Хохлачевым",Соглашение рассчитано до конца сезона,https://tass.ru/sport/25263261,"Mon, 06 Oct 2025 15:33:24 +0300"
Крымчанину дали год колонии-поселения за призывы к экстремизму,Мужчина в соцсетях призывал к насильственным действиям против группы лиц по признаку национальности,https://tass.ru/proisshestviya/25263195,"Mon, 06 Oct 2025 15:33:05 +0300"
Суд арестовал имущество бывшего первого замглавы Росгвардии на 25 млн рублей,Виктора Стригунова обвиняют во взяточничестве,https://tass.ru/proisshestviya/25263241,"Mon, 06 Oct 2025 15:32:11 +0300"
FAZ: Daimler Truck поставит Киеву около тысячи военных грузовиков Zetros,"Грузовые машины такого типа используются для снабжения боевых частей, перевозки личного состава и эвакуации раненых",https://tass.ru/mezhdunarodnaya-panorama/25263209,"Mon, 06 Oct 2025 15:31:50 +0300"
В России могут освободить от теста на знание языка детей некоторых иностранцев,"Изменения ""направлены на оптимизацию сферы образования и устранение излишних барьеров""",https://tass.ru/obschestvo/25263215,"Mon, 06 Oct 2025 15:31:08 +0300"
На Украине заблокировали YouTube-каналы двух экс-кандидатов в президенты,"Блокировке подверглись каналы основателя закрытого оппозиционного телеканала ""Наш"" Евгения Мураева и бывшего украинского парламентария Геннадия Балашова",https://tass.ru/mezhdunarodnaya-panorama/25263187,"Mon, 06 Oct 2025 15:30:58 +0300"
Сырский: учебные центры ВСУ переводят вглубь страны из-за угрозы ударов,"Главнокомандующий Вооруженных сил Украины сообщил, что продолжается работа по усилению их безопасности",https://tass.ru/mezhdunarodnaya-panorama/25263203,"Mon, 06 Oct 2025 15:30:51 +0300"
В Баксане в городское озеро выпустили больше 100 уток,Это наиболее известный и распространенный вид диких уток - кряквы,https://tass.ru/obschestvo/25263213,"Mon, 06 Oct 2025 15:30:47 +0300"
"КДК РФС рассмотрит несколько эпизодов матча ЦСКА - ""Спартак""",Армейцы победили в домашней игре РПЛ со счетом 3:2,https://tass.ru/sport/25263201,"Mon, 06 Oct 2025 15:29:48 +0300"
В Сватове ЛНР от атаки БПЛА ВСУ погиб человек,Еще один человек пострадал,https://tass.ru/proisshestviya/25263175,"Mon, 06 Oct 2025 15:29:11 +0300"
Швейцария опасается последствий использования ЕС активов РФ для кредитов Украине,"Швейцарским властям важно, чтобы любой согласованный на международном уровне подход соответствовал принципам правового государства, отметила пресс-секретарь Государственного секретариата экономики страны Франсуаза Чанц",https://tass.ru/ekonomika/25263145,"Mon, 06 Oct 2025 15:29:07 +0300"
"Работы нобелевских лауреатов помогут лучше понять, как возникает диабет I типа","Замдиректора Института медицины и медицинских технологий НГУ по науке Дарья Подчиненова отметила, что в будущем открытие ученых даст возможность другим научным группам создавать новые инструменты терапии для лечения аутоиммунных заболеваний",https://tass.ru/nauka/25263157,"Mon, 06 Oct 2025 15:28:06 +0300"
Глава Бурятии предложил использовать при расчете бюджета данные ФНС о работающих,Алексей Цыденов назвал эти показатели более актуальными,https://tass.ru/ekonomika/25263079,"Mon, 06 Oct 2025 15:27:18 +0300"
Патрушев: при помощи РЭО создадут 37 объектов по обращению с отходами,"Вице-премьер РФ отметил, что с начала реформы обращения с отходами уже построено порядка 300 объектов",https://tass.ru/ekonomika/25263131,"Mon, 06 Oct 2025 15:26:44 +0300"
Интернет-соединение в Афганистане полностью восстановили,"В посольстве России в Кабуле сообщили, что оно было восстановлено 1 октября",https://tass.ru/obschestvo/25263165,"Mon, 06 Oct 2025 15:26:23 +0300"
Разработан новый метод маршрутизации в бортовых сетях,Новая математическая модель обеспечивает равномерное распределение нагрузки на сеть,https://tass.ru/nauka/25263101,"Mon, 06 Oct 2025 15:25:57 +0300"
"Путин присвоил 20-му зенитному ракетному полку наименование ""Херсонский""","Звание присвоено за массовый героизм, отвагу и стойкость, проявленные личным составом полка в боевых действиях",https://tass.ru/armiya-i-opk/25263139,"Mon, 06 Oct 2025 15:24:14 +0300"
"Сразу после дерби. Некрасов сменил Малышева на посту гендиректора ""Спартака""",Олег Малышев занимал эту должность с июня 2023 года,https://tass.ru/sport/25263077,"Mon, 06 Oct 2025 15:22:20 +0300"
Глава Ставрополья предложил временно ослабить контроль надзорных органов,"Владимир Владимиров отметил, что мораторий на штрафы контрольных органов позволит регионам сэкономить и направить средства на поддержку СВО",https://tass.ru/obschestvo/25263051,"Mon, 06 Oct 2025 15:18:44 +0300"
Жителей Севастополя предупредили о противодиверсионных учениях флота,В ходе тренировок будут применяться различные виды оружия,https://tass.ru/armiya-i-opk/25263049,"Mon, 06 Oct 2025 15:17:56 +0300"
В Школе краеведения и безопасности в КБР принимают участие более 100 человек,Молодые люди прошли три трассы до шестой категории сложности,https://tass.ru/obschestvo/25263067,"Mon, 06 Oct 2025 15:17:43 +0300"
КДК РФС рассмотрит инцидент между Сперцяном и Ндонгом,Рассмотрение дела планируется 16 октября,https://tass.ru/sport/25263065,"Mon, 06 Oct 2025 15:14:46 +0300"
Отряд кораблей Северного флота завершил выполнение задач дальнего похода,Поход Северного флота начался 10 августа и продлился 58 дней,https://tass.ru/armiya-i-opk/25263031,"Mon, 06 Oct 2025 15:13:49 +0300"
В аэропорту Сочи задержали 16 рейсов,На запасных аэродромах остается один рейс,https://tass.ru/ekonomika/25263013,"Mon, 06 Oct 2025 15:12:35 +0300"
В Белгороде при ракетном ударе ВСУ погиб мужчина,Еще один человек пострадал,https://tass.ru/proisshestviya/25263035,"Mon, 06 Oct 2025 15:11:57 +0300"
"Грету Тунберг и еще 170 активистов флотилии ""Сумуд"" депортировали из Израиля",Их вывезли в Грецию и Словакию,https://tass.ru/mezhdunarodnaya-panorama/25263043,"Mon, 06 Oct 2025 15:11:55 +0300"
В Тюменской области увеличили выплаты при заключении контракта с Минобороны,"Теперь сумма составит 3,4 млн рублей",https://tass.ru/obschestvo/25263011,"Mon, 06 Oct 2025 15:10:47 +0300"
Акции AMD подскочили более чем на 28% на фоне сделки с OpenAI,"По данным на 14:12 мск, акции компании росли до $211,18 за бумагу",https://tass.ru/ekonomika/25263015,"Mon, 06 Oct 2025 15:10:06 +0300"
Минфин предложил выплачивать полную стоимость ремонта по ОСАГО без учета износа,"Согласно статистике, большинство автовладельцев выбирают получение компенсации деньгами",https://tass.ru/ekonomika/25262987,"Mon, 06 Oct 2025 15:07:35 +0300"
Губернатор Ставрополья: краю на развитие инфраструктуры нужно 150 млрд рублей,"Для реализации этой цели нужна реализация предложения по введению инфраструктурного сбора, отметил Владимир Владимиров",https://tass.ru/ekonomika/25263005,"Mon, 06 Oct 2025 15:07:26 +0300"
"В Бельгии заявили, что страна не готова к противодействию беспилотникам","газета Le Soir сообщает, что Минобороны Бельгии уже подготовило план по защите военной инфраструктуры страны от дронов, который должен был быть реализован в 2026 году",https://tass.ru/mezhdunarodnaya-panorama/25262981,"Mon, 06 Oct 2025 15:07:00 +0300"
В Подольске завели уголовное дело после жесткого избиения собаки,Мужчине грозит лишение свободы на срок до трех лет,https://tass.ru/proisshestviya/25262977,"Mon, 06 Oct 2025 15:06:30 +0300"
Цена бензина АИ-92 на бирже обновила рекорд,Показатель поднялся выше 74 тыс. рублей за тонну,https://tass.ru/ekonomika/25262999,"Mon, 06 Oct 2025 15:06:15 +0300"
ФМБА получило разрешение на проведение III фазы исследования аллерговакцины,Агентство приступает к набору добровольцев для проведения испытаний,https://tass.ru/obschestvo/25262963,"Mon, 06 Oct 2025 15:04:53 +0300"
"Дочь Луиса Корвалана заявила, что сочла бы за честь получить российский паспорт","Вивиен Корвалан отметила, что чувствует себя отчасти русской",https://tass.ru/obschestvo/25262905,"Mon, 06 Oct 2025 15:03:14 +0300"
"На базе отряда БПЛА ""Буревестник"" Добровольческого корпуса сформировали полк",Реорганизация отряда обусловлена расширением сферы применения беспилотных систем и заметным ростом уровня влияния таких машин на исход боевых действий в ходе специальной военной операции,https://tass.ru/armiya-i-opk/25262959,"Mon, 06 Oct 2025 15:03:05 +0300"
Горелкин: зависимость от гаджетов вызывает киберхондрию,"Первый зампред комитета Госдумы по информполитике отметил, что для самостоятельной постановки диагноза люди используют генеративные технологии, в том числе ""профессиональные""",https://tass.ru/ekonomika/25262941,"Mon, 06 Oct 2025 15:02:40 +0300"
"Израиль атаковал военные лагеря спецназа ""Хезболлах"" в Ливане","В ЦАХАЛ отметили, что ""эти военные лагеря использовались ""Хезболлах"" для подготовки террористов к совершению террористических атак против Армии обороны Израиля и Государства Израиль""",https://tass.ru/mezhdunarodnaya-panorama/25262917,"Mon, 06 Oct 2025 15:01:25 +0300"
"Матвиенко заявила, что непродуманных решений о выплатах граждан в ФОМС не будет","Председатель Совета Федерации отметила, что в этом вопросе будут учтены интересы разных слоев населения, в том числе домохозяек",https://tass.ru/ekonomika/25262897,"Mon, 06 Oct 2025 15:00:13 +0300"
Кашпировский анонсировал прямой эфир после сообщений о госпитализации,"Его директор Сергей Рудых ранее опроверг эти данные, отметив, что экстрасенс полностью здоров",https://tass.ru/obschestvo/25262853,"Mon, 06 Oct 2025 14:59:37 +0300"
В Петербурге включат световую проекцию чертежа Петропавловского собора,Изображения появятся в честь Дня архитектуры,https://tass.ru/obschestvo/25262883,"Mon, 06 Oct 2025 14:58:20 +0300"
Россия будет применять спецсамолеты для увеличения осадков в регионах с засухой,"В 2025 году такой самолет работал в Ставропольском крае, что позволило показать ""наивысшую урожайность"", отметил вице-премьер РФ Дмитрий Патрушев",https://tass.ru/ekonomika/25262869,"Mon, 06 Oct 2025 14:57:24 +0300"
"ТАСС: в Долгопрудном людей эвакуируют из ТЦ ""Город"" из-за задымления","По предварительной информации, очаг задымления находится на этаже с фудкортом",https://tass.ru/proisshestviya/25262877,"Mon, 06 Oct 2025 14:56:31 +0300"
"Al Mayadeen: Израиль нанес авиаудары по объектам ""Хезболлах"" в Ливане","Взрывы были слышны в районе Баальбека, Наби-Шита, Харабты, Хермеля и их окрестностях",https://tass.ru/mezhdunarodnaya-panorama/25262841,"Mon, 06 Oct 2025 14:53:04 +0300"
Путин назначил заместителями директора ФСИН Кочукова и Шмидко,Генерал-майор внутренней службы Андрей Кочуков занимал должность начальника финансово-экономического управления ФСИН,https://tass.ru/politika/25262847,"Mon, 06 Oct 2025 14:52:00 +0300"
Самообеспеченность России семенами отечественной селекции приблизится к 70%,"Вице-премьер РФ Дмитрий Патрушев отметил, что там, где раньше полностью применялась продукция иностранной селекции, уверенно начинают внедряться отечественные семена",https://tass.ru/ekonomika/25262839,"Mon, 06 Oct 2025 14:51:45 +0300"
Semafor: США могут заключить с Киевом сделку по приобретению технологий БПЛА,"По данным источников, украинские должностные лица находятся в американской столице для обсуждения сделки, в рамках которой Украина может потенциально получить несколько миллиардов долларов",https://tass.ru/mezhdunarodnaya-panorama/25262809,"Mon, 06 Oct 2025 14:50:16 +0300"
Журналист Уэстен: Западу стоит перенять у России опыт поддержки семей с детьми,"Гендиректор и сооснователь медиаплатформы LifeSiteNews выразил поддержку российским мерам по запрету движения ЛГБТ, сатанизма и признанию этих идеологий экстремистскими",https://tass.ru/mezhdunarodnaya-panorama/25262817,"Mon, 06 Oct 2025 14:50:12 +0300"
Мурашко: новые поколения выглядят моложе своих родителей в том же возрасте,"Границы реального биологического возраста могут достигать 30 лет между крайними значениями, отметил российский министр здравоохранения",https://tass.ru/obschestvo/25262807,"Mon, 06 Oct 2025 14:48:51 +0300"
Деньги в подарок на свадьбу: сколько подарить и как оформить,"Раньше считалось хорошим тоном дарить на свадьбу сервизы, постельное белье или бытовую технику. Теперь гости все чаще выбирают самый универсальный вариант — деньги",https://tass.ru/obschestvo/25244163,"Mon, 06 Oct 2025 14:47:57 +0300"
Патрушев: аграрии обеспечены ресурсами для проведения озимого сева,"По планам его площадь должна составить порядка 20 млн гектаров, отметил вице-премьер РФ",https://tass.ru/ekonomika/25262741,"Mon, 06 Oct 2025 14:47:10 +0300"
В России потребление сахара почти в три раза превышает рекомендуемую норму,"Министр сельского хозяйства РФ Оксана Лут отметила, что решать эту проблему необходимо комплексно",https://tass.ru/ekonomika/25262775,"Mon, 06 Oct 2025 14:46:50 +0300"
Матвиенко призвала продумать меры поддержки для снижения числа банкротств,"По словам председателя СФ, ее очень тревожит рост банкротств в регионах",https://tass.ru/ekonomika/25262781,"Mon, 06 Oct 2025 14:45:47 +0300"
Путин поручил предусмотреть в бюджете финансирование медучреждений в Магадане,Речь идет о Магаданском областном диспансере фтизиатрии и инфекционных заболеваний и областном роддоме,https://tass.ru/politika/25262767,"Mon, 06 Oct 2025 14:45:21 +0300"
Москалькова обратилась в ООН из-за слушаний о запрете Киевской митрополии УПЦ,"Международное сообщество должно осудить дискриминацию людей по религиозному признаку, подчеркнула омбудсмен",https://tass.ru/obschestvo/25262753,"Mon, 06 Oct 2025 14:41:37 +0300"
Путин поручил создать на Дальнем Востоке организацию в сфере градостроительства,Срок исполнения указа - 1 июля 2026 года,https://tass.ru/politika/25262731,"Mon, 06 Oct 2025 14:41:22 +0300"
Эксперт Давыдкин: Т-клетки открывают новые возможности для лечения рака,"Создание новых инновационных методов лечения, таких как CAR-T и CAR-NK терапия, открывают новую страницу истории в устранении иммунной дисфункции, отметил проректор по научной работе СамГМУ",https://tass.ru/nauka/25262709,"Mon, 06 Oct 2025 14:40:56 +0300"
Суд запретил продавать санкционный пармезан через маркетплейс,Информацию о продаже сыра удалили,https://tass.ru/proisshestviya/25262689,"Mon, 06 Oct 2025 14:40:53 +0300"
"Орбан: Венгрия не будет вводить евро, поскольку не хочет сближаться с ЕС","Вопрос о вхождении в зону евро стоит перед Будапештом с тех пор, как он присоединился к Евросоюзу в 2004 году",https://tass.ru/mezhdunarodnaya-panorama/25262717,"Mon, 06 Oct 2025 14:40:18 +0300"
В Петербурге начнут производить вакцины из иммунных клеток к концу 2026 года,CAR-T-технологии позволяют лечить онкологических больных при помощи своих же клеток с присоединением к ним искусственно созданного рецептора,https://tass.ru/nauka/25262661,"Mon, 06 Oct 2025 14:40:00 +0300"
"В Челябинской области обновят свыше 40 км сложных участков трассы М-5 ""Урал""",Основной объем работ планируется выполнить до конца октября,https://tass.ru/obschestvo/25262723,"Mon, 06 Oct 2025 14:39:24 +0300"
"""УВБ-76"" повторила звучавшую в феврале 2022 года команду ""орехобрус""","Около полудня в эфире радиостанции ""Судного дня"" прозвучал мужской голос, дважды продиктовавший по буквам команду",https://tass.ru/obschestvo/25262675,"Mon, 06 Oct 2025 14:39:18 +0300"
Посольство РФ в Нью-Дели призвало Индию внимательнее отнестись к AUKUS,"Советник-посланник российского диппредставительства Владимир Ладанов обратил внимание на то, что расстояние от будущей базы АПЛ ВМС Австралии HMAS Stirling до Вилючинска на Камчатке - около 6 280 морских миль",https://tass.ru/politika/25262695,"Mon, 06 Oct 2025 14:39:00 +0300"
В Госдуме предложили выплачивать возмещение ущерба по ОСАГО без учета износа,"Если автовладелец получил от страховщика возмещение ущерба по ОСАГО деньгами с учетом износа автомобиля, то после ремонта авто он сможет получить выплату за недоплаченный износ. Такой законопроект обсуждался на парламентских слушаниях в Госдуме. Основной и самый главный вопрос, который вызвал огромное количество споров: кто будет выбирать, каким образом компенсировать ущерб пострадавшему? А именно: направить машину в автосервис, произвести выплату или провести самостоятельный ремонт автомобиля?",https://rg.ru/2025/10/06/v-gosdume-predlozhili-vyplachivat-vozmeshchenie-ushcherba-po-osago-bez-ucheta-iznosa.html,"Mon, 06 Oct 2025 16:04:04 +0300"
В Волгоградской области завели уголовное дело о мошенничестве при ремонте школы,"Руководитель строительной компании отправлен под арест по подозрению в мошенничестве при ремонте школы в Волжском. Об этом <a href=""https://t.me/volgoproc_pravo/7412"" rel=""noopener noreferrer"" target=""_blank"">сообщили</a> в прокуратуре Волгоградской области.",https://rg.ru/2025/10/06/reg-ufo/v-volgogradskoj-oblasti-zaveli-ugolovnoe-delo-o-moshennichestve-pri-remonte-shkoly.html,"Mon, 06 Oct 2025 15:59:22 +0300"
Петербургская полиция выясняет обстоятельства ранения мужчины на улице,"В Петербурге полиция устанавливает обстоятельства получения ранения на улице 36-летним мужчиной. Об этом <a href=""https://t.me/spb_police78/28797"" rel=""noopener noreferrer"" target=""_blank"">сообщили</a> в региональном главке МВД России.",https://rg.ru/2025/10/06/reg-szfo/peterburgskaia-policiia-vyiasniaet-obstoiatelstva-raneniia-muzhchiny-na-ulice.html,"Mon, 06 Oct 2025 15:55:33 +0300"
Суд арестовал имущество экс-замглавы Росгвардии Стригунова на 25 млн рублей,"Имя Виктора Стригунова фигурирует в громком уголовном расследовании об оборонительных сооружениях под Белгородом. Сегодня, по информации Следственного комитета, был наложен арест на его личное имущество на общую сумму 25 млн рублей. Статус Стригунова на данный момент - обвиняемый во взяточничестве. Расследованием дела занимается ведомство Александра Бастрыкина.",https://rg.ru/2025/10/06/sud-arestoval-imushchestvo-eks-zamglavy-rosgvardii-strigunova-na-25-mln-rublej.html,"Mon, 06 Oct 2025 15:55:06 +0300"
"Залужный призвал Киев посмотреть в космос, где ВСУ показали вопиющую уязвимость","Экс-главком ВСУ, ныне посол Киева в Лондоне Валерий Залужный в статье для портала ""Милитарист"" заявил, что Украине необходимо ""посмотреть в космос"", где ее армия продемонстрировала ""вопиющую уязвимость"".",https://rg.ru/2025/10/06/zaluzhnyj-prizval-kiev-posmotret-v-kosmos-gde-vsu-pokazali-vopiiushchuiu-uiazvimost.html,"Mon, 06 Oct 2025 15:54:04 +0300"
"Los Angeles Times: Акула напала на участника состязаний, но сочла его невкусным","В США у берегов округа Лос-Анджелес спасли 51-летнего участника соревнований, на которого напала акула. Об этом пишет Los Angeles Times.",https://rg.ru/2025/10/06/los-angeles-times-akula-napala-na-uchastnika-sostiazanij-no-sochla-ego-nevkusnym.html,"Mon, 06 Oct 2025 15:53:02 +0300"
Toyota обошла BMW и Hyundai и стала самой популярной маркой не из КНР в России,"В сентябре 2025 года японская Toyota возглавила рейтинг продаж новых легковых автомобилей без учета китайских, российских и белорусских марок. Об этом в своем Telegram-канале сообщил глава ""Автостата"" Сергей Целиков.",https://rg.ru/2025/10/06/toyota-oboshla-bmw-i-hyundai-i-stala-samoj-populiarnoj-markoj-ne-iz-knr-v-rossii.html,"Mon, 06 Oct 2025 15:52:07 +0300"
Беларусь синхронизирует национальное законодательство в сфере ИС с российской нормативной базой,"Мы представляем интервью с Александром Павловичем Зайцем, заместителем генерального директора Национального центра интеллектуальной собственности Республики Беларусь.",https://rg.ru/2025/10/06/belarus-sinhroniziruet-nacionalnoe-zakonodatelstvo-v-sfere-is-s-rossijskoj-normativnoj-bazoj.html,"Mon, 06 Oct 2025 15:49:09 +0300"
Умер знаменитый актер Хосе Андрада,"Ушел из жизни известный латиноамериканский артист Хосе Андрада, его не стало на 88-м году жизни.",https://rg.ru/2025/10/06/umer-znamenityj-akter-hose-andrada.html,"Mon, 06 Oct 2025 15:49:05 +0300"
Подозреваемый в убийстве пропавшей девушки задержан в Новосибирской области,"В Новосибирской области задержан житель Тогучина, которому вменяют убийство молодой девушки. По версии следствия, мужчина жил вместе со своей будущей жертвой, в ходе конфликта напал на нее с ножом, а затем спрятал тело, забросав его ветками.",https://rg.ru/2025/10/06/reg-sibfo/podozrevaemyj-v-ubijstve-19-letnej-devushki-zaderzhan-v-novosibirskoj-oblasti.html,"Mon, 06 Oct 2025 15:48:07 +0300"
Подросток выстрелил в лицо знакомому на фудкорте в ТЦ Петербурга,"В Северной столице полиция выясняет обстоятельства происшествия со стрельбой в одном из торговых комплексов в Выборгском районе города. Об этом <a href=""https://t.me/spb_police78/28799"" rel=""noopener noreferrer"" target=""_blank"">сообщили</a> в региональном главке МВД России.",https://rg.ru/2025/10/06/reg-szfo/podrostok-vystrelil-v-lico-znakomomu-na-fudkorte-v-tc-peterburga.html,"Mon, 06 Oct 2025 15:46:30 +0300"
В РСТ опровергли массовость запретов выезда за рубеж из-за дефекта паспортов,"Массовых жалоб от туристов на запреты выезда за рубеж из-за дефекта паспортов не наблюдается, заявили в Российском союзе туриндустрии (РСТ), <a href=""https://tass.ru/"" rel=""noopener noreferrer"" target=""_blank"">пишет</a> ТАСС.",https://rg.ru/2025/10/06/v-rst-oprovergli-massovost-zapretov-vyezda-za-rubezh-iz-za-defekta-pasportov.html,"Mon, 06 Oct 2025 15:42:09 +0300"
"Под Славянском замечен БТР, облепленный юношами и девушками из ВСУ","Под Славянском в районе села Райгородок замечен БТР, буквально облепленный смеющимися юношами и девушками, которые служат в ВСУ.",https://rg.ru/2025/10/06/pod-slavianskom-zamechen-btr-obleplennyj-iunoshami-i-devushkami-iz-vsu.html,"Mon, 06 Oct 2025 15:40:29 +0300"
В Долгопрудном ТЦ эвакуировали из-за задымления,"В подмосковном Долгопрудном эвакуировали посетителей ТЦ, сообщили ""РГ"" очевидцы.",https://rg.ru/2025/10/06/reg-cfo/v-dolgoprudnom-tc-evakuirovali-iz-za-zadymleniia.html,"Mon, 06 Oct 2025 15:40:06 +0300"
Вторая годовщина нападения ХАМАС может быть отмечена освобождением заложников,"Вторая годовщина теракта 7 октября, <a href=""https://rg.ru/sujet/56"" rel=""noopener noreferrer"" target=""_blank"">совершенного</a> вырвавшимися из сектора Газа боевиками ХАМАС на территории Израиля, может быть отмечена освобождением живых заложников и передачей Тель-Авиву тел погибших. Судя по настойчивым обращениям президента США к израильским и хамасовским переговорщикам, Трамп рассчитывает, что соглашение на этот счет будет заключено в Египте уже во вторник.",https://rg.ru/2025/10/06/vtoraia-godovshchina-napadeniia-hamas-mozhet-byt-otmechena-osvobozhdeniem-zalozhnikov.html,"Mon, 06 Oct 2025 15:39:03 +0300"
"У фильма Надежды Михалковой ""Огненный мальчик"" появился новый постер","Сегодня на фестивале ""Маяк"" в Геленджике состоится премьера нового фильма Надежды Михалковой ""Огненный мальчик""",https://rg.ru/2025/10/06/u-filma-nadezhdy-mihalkovoj-ognennyj-malchik-poiavilsia-novyj-poster.html,"Mon, 06 Oct 2025 15:39:00 +0300"
Православный американец Франц: В войне на Донбассе на кону - судьба христианства,"Журналист и блогер из Техаса Конрад Франц, исповедующий православие, недавно побывал в России по приглашению Патриархии. О своих впечатлениях он рассказал в разговоре с корреспондентом ""РГ"".",https://rg.ru/2025/10/06/bog-na-storone-rossii.html,"Mon, 06 Oct 2025 15:37:48 +0300"
Омичка провалилась в разрытый коммунальщиками котлован,Омские следователи начали проверку после падения женщины в котлован в Ленинском округе.,https://rg.ru/2025/10/06/reg-sibfo/omichka-provalilas-v-razrytyj-kommunalshchikami-kotlovan.html,"Mon, 06 Oct 2025 15:37:39 +0300"
На новом турецком танке Altay забыли защитить снаряды в корпусе,"Разрабатываемый в Турции 18 лет основной боевой танк Altay оказался не таким совершенным, как от него ожидали. Судя по обнародованной фотографии, у него в передней части корпуса имеются две незащищенные боеукладки.",https://rg.ru/2025/10/06/na-novom-tureckom-tanke-altay-zabyli-zashchitit-snariady-v-korpuse.html,"Mon, 06 Oct 2025 15:37:05 +0300"
На Ямале запустили программу по проведению генетических исследований,Программа рассчитана на три года и направлена на выявление у северян генетических заболеваний и их профилактику.,https://rg.ru/2025/10/06/reg-urfo/na-iamale-zapustili-programmu-po-provedeniiu-geneticheskih-issledovanij.html,"Mon, 06 Oct 2025 15:35:46 +0300"
В Калуге прошел турнир по боксу,"Седьмой открытый городской турнир по боксу, посвящённый памяти сотрудника Управления ""А"" Центра специального назначения ФСБ России старшего лейтенанта Алексея Матюшина прошёл в спорткомплексе ""Юбилейный"".",https://rg.ru/2025/10/06/reg-cfo/v-kaluge-proshel-turnir-po-boksu.html,"Mon, 06 Oct 2025 15:35:07 +0300"
"Лариса Лужина получила ""Золотого сарматского льва"" на кинофестивале в Оренбурге","Главным событием года для оренбургских поклонников ""десятой музы"" стал открывшийся на днях XVIII Международный кинофестиваль ""Восток&amp;Запад. Классика и Авангард"". В программе - свыше 120 художественных и анимационных фильмов из более чем десяти стран мира. По традиции, первый приз - ""Золотой сарматский лев"" за вклад в киноискусство - был вручен в день открытия форума. Награду получила народная артистка России Лариса Лужина.",https://rg.ru/2025/10/06/reg-pfo/larisa-luzhina-poluchila-zolotogo-sarmatskogo-lva-na-kinofestivale-v-orenburge.html,"Mon, 06 Oct 2025 15:35:03 +0300"
В Волгоградской области расследуют смерть мужчины после отказа в госпитализации,"Следственный комитет возбудил уголовное дело после смерти жителя города Волжского, которому дважды отказали в госпитализации. Проверка также проводится комитетом здравоохранения Волгоградской области.",https://rg.ru/2025/10/06/reg-ufo/v-volgogradskoj-oblasti-rassleduiut-smert-muzhchiny-posle-otkaza-v-gospitalizacii.html,"Mon, 06 Oct 2025 15:33:00 +0300"
RT показал переписку перешедшего на сторону ВСУ Ступникова с экс-сослуживцами,"Перешедший на сторону ВСУ бывший офицер ВС России Лев Ступников угрожает своим бывшим сослуживцам и не испытывает чувства вины. Об этом <a href=""https://russian.rt.com/ussr/news/1543098-predatel-stupnikov-ugrozy"" rel=""noopener noreferrer"" target=""_blank"">пишет</a> RT, публикуя фрагмент переписки Ступникова с людьми, с которыми вместе служил в России.",https://rg.ru/2025/10/06/rt-pokazal-perepisku-pereshedshego-na-storonu-vsu-stupnikova-s-eks-sosluzhivcami.html,"Mon, 06 Oct 2025 15:28:09 +0300"
"В Петербурге задержан несовершеннолетний, разбивший лобовое стекло автобуса","В Северной столице задержан подросток, разбивший лобовое стекло рейсового автобуса. Об этом <a href=""https://t.me/spb_police78/28803"" rel=""noopener noreferrer"" target=""_blank"">сообщили</a> в региональном главке МВД России.",https://rg.ru/2025/10/06/reg-szfo/v-peterburge-zaderzhan-nesovershennoletnij-razbivshij-lobovoe-steklo-avtobusa.html,"Mon, 06 Oct 2025 15:27:46 +0300"
"Румынский Hipster: Dacia грозит вывести на рынок ""убийцу"" дорогих электрокаров","Румынская компания Dacia, входящая в альянс Renault, представила концепт электромобиля Hipster. Модель разработана для широкого круга потребителей.",https://rg.ru/2025/10/06/rumynskij-hipster-dacia-grozit-vyvesti-na-rynok-ubijcu-dorogih-elektrokarov.html,"Mon, 06 Oct 2025 15:26:04 +0300"
"Вышел трейлер комедии о 90-х ""Попутчики"" с Бортич, Хаевым и Цапником","Опубликованы трейлер и постер новой комедии о девяностых ""Попутчики"".",https://rg.ru/2025/10/06/vyshel-trejler-komedii-o-90-h-poputchiki-s-bortich-haevym-i-capnikom.html,"Mon, 06 Oct 2025 15:26:01 +0300"
"Итальянец погиб из-за упавшей статуи, пытаясь впечатлить свою девушку",Житель итальянской Глоренцы в провинции Тренто погиб из-за упавшей на него статуи городского фонтана. Об этом сообщила газета Dolomiti.,https://rg.ru/2025/10/06/italianec-hotel-vpechatlit-devushku-i-zalez-na-statuiu-no-ona-upala-i-ubila-ego.html,"Mon, 06 Oct 2025 15:24:02 +0300"
В Северной Корее показали новейший колесный танк,"Корейская народная армия в дополнение к тяжелой гусеничной боевой технике, возможно, скоро начнет получать колесные танки. На проходящей в столице КНДР оружейной выставке ""Самооборона 2025"" впервые представлен реальный образец такой бронемашины. Ранее показывались лишь макеты.",https://rg.ru/2025/10/06/v-severnoj-koree-pokazali-novejshij-kolesnyj-tank.html,"Mon, 06 Oct 2025 15:24:00 +0300"
Михаил Мурашко назвал ключевые тренды в развитии российского здравоохранения,"В последние годы отечественное здравоохранение переживает важную трансформацию: все большее значение приобретает превентивный подход, сохранение здоровья, профилактика заболеваний. Об этом сообщил глава минздрава России Михаил Мурашко, выступая на стратегической сессии международного форума БИОПРОМ, который проходит в Геленджике.",https://rg.ru/2025/10/06/reg-ufo/mihail-murashko-nazval-kliuchevye-trendy-v-razvitii-rossijskogo-zdravoohraneniia.html,"Mon, 06 Oct 2025 15:23:57 +0300"
Страховщики предлагают изменить системы ОМС и ДМС,"Страховое сообщество готовит предложения по трансформации медицинского страхования. Речь идет о более эффективном взаимодействии программ обязательного (ОМС) и добровольного (ДМС) медицинского страхования. Государству это позволит частично снизить нагрузку на бюджет, людям - позаботиться о здоровье, а работодателям - сохранить продуктивный коллектив, в котором люди меньше болеют. О том, что конкретно предлагается изменить, ""Российской газете"" рассказал президент Всероссийского союза страховщиков (ВСС) Евгений Уфимцев.",https://rg.ru/2025/10/06/megapolis-zdorovia.html,"Mon, 06 Oct 2025 15:22:06 +0300"
Гороскоп на 7 октября: Стройте смелые планы на будущее,"Рассказываем, что ждет 7 октября 2025 года россиян, родившихся под знаками Овен, Телец, Близнецы, Рак, Лев, Дева, Весы, Скорпион, Стрелец, Козерог, Водолей, Рыбы.",https://rg.ru/2025/10/06/goroskop-na-7-oktiabria-strojte-smelye-plany-na-budushchee.html,"Mon, 06 Oct 2025 15:19:27 +0300"
"Из больницы Поморья выписали педагогов, пострадавших при нападении в техникуме","Педагоги, пострадавшие неделю назад во время нападения бывшего студента на строительный техникум Архангельска, выписаны домой. Об этом <a href=""https://vk.com/zdravao?w=wall-69260815_38238"" rel=""noopener noreferrer"" target=""_blank"">сообщили</a> в министерстве здравоохранения Архангельской области.",https://rg.ru/2025/10/06/reg-szfo/vrachi-arhangelska-vypisali-pedagogov-postradavshih-pri-napadenii-v-tehnikume.html,"Mon, 06 Oct 2025 15:17:03 +0300"
Политолог Рар: На Западе не допустят разоружения Украины,"5 октября канцлер Германии Фридрих Мерц два часа выступал в главной воскресной передаче один на один с модератором, и это выступление было весьма познавательным. В ответ на <a href=""https://rg.ru/2025/10/02/videotransliaciia-putin-vystupaet-na-plenarnoj-sessii-valdaia.html"" rel=""noopener noreferrer"" target=""_blank"">речь президента России Владимира Путина на ""Валдае""</a> Мерц повторил свой тезис о милитаризации Европы против России, обвинив Путина в планах захвата Молдавии.",https://rg.ru/2025/10/06/politolog-rar-na-zapade-ne-dopustiat-razoruzheniia-ukrainy.html,"Mon, 06 Oct 2025 15:16:59 +0300"
В Петербурге уличные музыканты не смогут давать концерты возле Думской башни,"Уличные музыканты не смогут выступать в Северной столице возле Думской башни. Причина: их исполнение мешает нормальным занятиям в музыкальной школе имени Римского-Корсакова - старейшей в Петербурге. Об этом <a href=""https://t.me/ryabokon2021/1811"" rel=""noopener noreferrer"" target=""_blank"">рассказал</a> депутат городского ЗАКСа Андрей Рябоконь.",https://rg.ru/2025/10/06/reg-szfo/v-peterburge-ulichnye-muzykanty-ne-smogut-davat-koncerty-vozle-dumskoj-bashni.html,"Mon, 06 Oct 2025 15:16:39 +0300"
Расписание поездов Курского и Рижского направлений МЖД изменится с 6 октября,"С 6 октября изменится расписание некоторых пригородных поездов, включая МЦД-2, сообщает сайт МЖД.",https://rg.ru/2025/10/06/raspisanie-poezdov-kurskogo-i-rizhskogo-napravlenij-mzhd-izmenitsia-s-6-oktiabria.html,"Mon, 06 Oct 2025 15:16:08 +0300"
Москалькова обратилась в ООН из-за украинской политики по отношению к УПЦ,"По мнению уполномоченного по правам человека в России Татьяны Москальковой, Украина осуществляет антицерковную политику. Омбудсмен привела в пример назначение судебного заседания о прекращении деятельности Киевской митрополии УПЦ и обратилась в ООН.",https://rg.ru/2025/10/06/moskalkova-obratilas-v-oon-iz-za-ukrainskoj-politiki-po-otnosheniiu-k-upc.html,"Mon, 06 Oct 2025 15:16:07 +0300"
В Москве мужчина устроил поножовщину у стены Цоя,В центре Москвы мужчина напал с ножом на людей недалеко от стены Цоя на Арбате.,https://rg.ru/2025/10/06/reg-cfo/v-moskve-muzhchina-ustroil-ponozhovshchinu-u-steny-coia.html,"Mon, 06 Oct 2025 15:15:06 +0300"
Боец Нацгвардии Украины раскрыл стоимость откупа от сотрудников ТЦК,"Офицер бригады ""Рубеж"" Нацгвардии Украины Владислав Стоцкий раскрыл стоимость откупа от сотрудников территориальных центров комплектования (ТЦК, аналог военкоматов) в стране. Фрагмент видео с ним публикуют украинские паблики.",https://rg.ru/2025/10/06/boec-nacgvardii-ukrainy-raskryl-stoimost-otkupa-ot-sotrudnikov-tck.html,"Mon, 06 Oct 2025 15:15:06 +0300"
"Тюменская область увеличила выплату добровольцам СВО до 3,4 млн рублей","В Тюменской области увеличили выплату добровольцам, заключившим контракт с Минобороны и отправляющимся на СВО. Она составит 3 400 000 рублей.",https://rg.ru/2025/10/06/reg-urfo/tiumenskaia-oblast-uvelichila-vyplatu-dobrovolcam-svo-do-34-mln-rublej.html,"Mon, 06 Oct 2025 15:14:51 +0300"
Всероссийский экономический диктант напишут в 12 странах,"Повышение экономической грамотности населения - важное условие для устойчивого социально-экономического развития страны. Вольное экономическое общество России (ВЭО России) стало одной из первых общественных организаций в России, которая активно включилась в работу, направленную на формирование экономической культуры россиян. ВЭО России с 2017 года проводит общероссийскую образовательную акцию ""Всероссийский экономический диктант"", которая ежегодно объединяет около 400 тысяч участников.",https://rg.ru/2025/10/06/vserossijskij-ekonomicheskij-diktant-napishut-v-12-stranah.html,"Mon, 06 Oct 2025 15:13:09 +0300"
Путин назначил двух новых замов директора ФСИН,Президент России Владимир Путин подписал указ о назначении двух новых заместителей директора Федеральной службы исполнения наказаний. Назначение получили генералы Андрей Кочуков и Андрей Шмидко.,https://rg.ru/2025/10/06/putin-naznachil-dvuh-novyh-zamov-direktora-fsin.html,"Mon, 06 Oct 2025 15:11:01 +0300"
"Инициатива по созданию ""стены дронов"" встретила резкую критику внутри Евросоюза","Президент Франции Эмманюэль Макрон и другие лидеры стран Евросоюза скептически восприняли предложение главы Еврокомиссии о создании на восточной границе блока ""стены против дронов"". Об этом пишет британская газета Financial Times.",https://rg.ru/2025/10/06/iniciativa-po-sozdaniiu-steny-dronov-vstretila-rezkuiu-kritiku-vnutri-evrosoiuza.html,"Mon, 06 Oct 2025 15:10:09 +0300"
Поклонник в костюме Человека-паука залез в окно квартиры певицы Доры,В окно квартиры кумира подростков Доры (настоящее имя певицы - Дарья Шиханова) залез поклонник в костюме Человека-паука.,https://rg.ru/2025/10/06/poklonnik-v-kostiume-cheloveka-pauka-zalez-v-okno-kvartiry-pevicy-dory.html,"Mon, 06 Oct 2025 15:10:02 +0300"
Из-за ракетного удара в Белгороде погиб мужчина,"В понедельник Белгород оказался под еще одним ракетным ударом украинской стороны, <a href=""https://t.me/vvgladkov/16496"" rel=""noopener noreferrer"" target=""_blank"">сообщил</a> губернатор Вячеслав Гладков.",https://rg.ru/2025/10/06/reg-cfo/iz-za-raketnogo-udara-v-belgorode-pogib-muzhchina.html,"Mon, 06 Oct 2025 15:09:59 +0300"
Смолов прокомментирует матчи теннисного турнира в Шанхае,"Известный футболист, чемпион России в составе ""Краснодара"" Федор Смолов попробует себя в новом качестве. Он будет комментировать матчи теннисного турнира категории ATP-1000 в китайском Шанхае.",https://rg.ru/2025/10/06/smolov-prokommentiruet-matchi-tennisnogo-turnira-v-shanhae.html,"Mon, 06 Oct 2025 15:08:00 +0300"
Умер актер и режиссер Майкл Драксман,На 85-м году жизни скончался Майкл Драксман. О кончине достаточно известного в своей нише кинематографиста сообщил портал IMDb.,https://rg.ru/2025/10/06/umer-akter-i-rezhisser-majkl-draksman.html,"Mon, 06 Oct 2025 15:06:01 +0300"
Появилось видео огромного столба черного дыма над Черниговом,Жители Чернигова публикуют кадры мощного пожара после удара ВС РФ.,https://rg.ru/2025/10/06/poiavilos-video-ogromnogo-stolba-chernogo-dyma-nad-chernigovom.html,"Mon, 06 Oct 2025 15:03:00 +0300"
В России начались продажи внедорожников Toyota 4Runner 2025 года: очень дорого,"В ходе мониторинга сайтов объявлений ""Российской газете"" удалось обнаружить у одного из столичных дилеров новый внедорожник Toyota 4Runner 2025 года выпуска. Продавец оценил машину в 9 900 000 рублей.",https://rg.ru/2025/10/06/v-rossii-nachalis-prodazhi-vnedorozhnikov-toyota-4runner-2025-goda-ochen-dorogo.html,"Mon, 06 Oct 2025 15:01:07 +0300"
Патрушев: Россия начинает заменять иностранные семена отечественными,"Вице-премьер Дмитрий Патрушев сообщил президенту Владимиру Путину, что Россия начинает заменять иностранные семена отечественными. По его словам, особенно это касается выращивания подсолнечника и сахарной свеклы.",https://rg.ru/2025/10/06/patrushev-rossiia-nachinaet-zameniat-inostrannyh-semian-v-polzu-otechestvennyh.html,"Mon, 06 Oct 2025 14:57:00 +0300"
Медицинские и технические вузы объединятся для создания инновационной медтехники,"В России может появиться первый распределенный инжиниринговый центр, который объединит ведущие медицинские и технические университеты страны для разработки прорывных медицинских изделий и технологий. С такой инициативой на международном форуме БИОПРОМ выступил ректор Сеченовского университета, академик РАН Петр Глыбочко.",https://rg.ru/2025/10/06/medicinskie-i-tehnicheskie-vuzy-obediniatsia-dlia-sozdaniia-innovacionnoj-medtehniki.html,"Mon, 06 Oct 2025 14:50:39 +0300"
"""Учитель года - 2022"" Лутовинов объяснил, грозят ли подарки педагогам штрафами","День учителя прошел, но эхом от него по Сети катятся новостные заголовки: ""Учителям грозят замечания и выговоры за подарки дороже 3 тысяч рублей"".",https://rg.ru/2025/10/06/uchitel-goda-2022-lutovinov-obiasnil-groziat-li-podarki-pedagogam-shtrafami.html,"Mon, 06 Oct 2025 14:48:26 +0300"
Вячеслав Гладков анонсировал курсы по медподготовке для школьников и студентов,"В Белгородской области 1584 школьника, студента колледжей и вузов пройдут дополнительную медицинскую подготовку 2025-2026 учебном году в Белгородской области, сообщил глава региона Вячеслав Гладков на еженедельном оперативном заседании правительства.",https://rg.ru/2025/10/06/reg-cfo/viacheslav-gladkov-anonsiroval-kursy-po-medpodgotovke-dlia-shkolnikov-i-studentov.html,"Mon, 06 Oct 2025 14:48:03 +0300"
Оргкомитет НРФ'9 поделился подробностями деловой программы предстоящего форума,"Современные стратегии и подходы при трансформации рекламного рынка, креативные практики и эффективное сотрудничество, особенности сферы диджитал в новой информационной реальности и многое другое обсудят в основные дни НРФ'9 с 12 по 14 ноября.",https://rg.ru/2025/10/06/orgkomitet-nrf9-podelilsia-podrobnostiami-delovoj-programmy-predstoiashchego-foruma.html,"Mon, 06 Oct 2025 14:46:08 +0300"
"Следователи из-за погоды две недели не могли вылететь в село, где погиб ребенок","Следователи из-за плохих метеоусловий более двух недель не могли вылететь в село Юкагир Усть-Янского района Якутии, где под колесами трактора погибла восьмилетняя девочка. Об этом сообщил <a href=""https://ria.ru"" rel=""noopener noreferrer"" target=""_blank"">РИА Новости</a> министр транспорта и дорожного хозяйства Якутии Владимир Сивцев.",https://rg.ru/2025/10/06/reg-dfo/sledovateli-iz-za-pogody-dve-nedeli-ne-mogli-vyletet-v-selo-gde-pogib-rebenok.html,"Mon, 06 Oct 2025 14:46:00 +0300"
"На ТВ-3 состоится премьера второго сезона телехита ""Ронин""","Сегодня в 18:00 на телеканале ТВ-3 состоится премьера <a href=""https://rg.ru/2025/04/15/startovali-semki-vtorogo-sezona-ronina-s-dmitriem-palamarchukom.html"" rel=""noopener noreferrer"" target=""_blank"">второго сезона хитового сериала ""Ронин""</a>.",https://rg.ru/2025/10/06/na-tv-3-sostoitsia-premera-vtorogo-sezona-telehita-ronin.html,"Mon, 06 Oct 2025 14:45:12 +0300"
Китайцы скопировали Zeekr 9X и продают очень дешево: авто сняли на фото,В Китае появился Zeekr 9X в формате Lao Tou Le (дословно - радость старика) - маленький и ультрадешевый электрокар с характерным дизайном какой-либо оригинальной модели. На этот раз был выбран едва успевший выйти на рынок Zeekr 9X.,https://rg.ru/2025/10/06/kitajcy-skopirovali-zeekr-9x-i-prodaiut-ochen-deshevo-avto-sniali-na-foto.html,"Mon, 06 Oct 2025 14:44:01 +0300"
"Польский суд продлил арест подозреваемого в подрыве ""Северных потоков""","Окружной суд Варшавы продлил временный арест подозреваемого в совершении теракта на газопроводах ""Северные потоки"" - украинца Владимира Журавлева. Об этом проинформировала пресс-секретарь суда Анна Пташик.",https://rg.ru/2025/10/06/polskij-sud-prodlil-arest-podozrevaemogo-v-podryve-severnyh-potokov.html,"Mon, 06 Oct 2025 14:44:00 +0300"
Ректор МГТУ им. Баумана извинился за оскорбления в адрес футбольного ЦСКА,Ректор Московского государственного технического университета (МГТУ) имени Н. Э. Баумана Михаил Гордин принес свои извинения за негативный комментарий в адрес футбольного клуба ЦСКА.,https://rg.ru/2025/10/06/rektor-mgtu-im-baumana-izvinilsia-za-oskorbleniia-v-adres-futbolnogo-cska.html,"Mon, 06 Oct 2025 14:41:08 +0300"
"Татарстанский бренд ""ТАТКРАН"" планирует расширить свое производство на Беларусь и новые регионы России","Практически все субъекты РФ и с десяток зарубежных стран, в числе которых Китай, Малайзия, Казахстан, Кыргызстан, Узбекистан, представили свои бизнес-компании на международной выставке ""ИННОПРОМ. Беларусь"", проходящей в эти дни в Минске.",https://rg.ru/2025/10/06/tatarstanskij-brend-tatkran-planiruet-rasshirit-svoe-proizvodstvo-na-belarus-i-novye-regiony-rossii.html,"Mon, 06 Oct 2025 14:40:47 +0300"
Белорусские гребцы добавили в копилку команды более десяти наград,"Очередная спортивная неделя для белорусских атлетов началась на III Играх стран СНГ в Азербайджане с завоевания в упорной борьбе более десятка наград по итогам финиша на гребном канале, информирует <a href=""https://belta.by"" rel=""noopener noreferrer"" target=""_blank"">БЕЛТА</a>. В понедельник, 6 октября, информирует БЕЛТА, в городе Мингячевире, расположенном на берегах Куры, были разыграны шесть комплектов наград. На дистанции тысяча метров в мужской байдарке-одиночке среди молодежи до 20 лет лучший результат показал Илья Филимонов, в этом же виде программы у юношей до 16 лет успех праздновал Артем Вайтешин. Комментаторы напоминают, что в первый день состязаний - 5 октября - оба белоруса победили на дистанциях вдвое короче.",https://rg.ru/2025/10/06/belorusskie-grebcy-dobavili-v-kopilku-komandy-bolee-desiati-nagrad.html,"Mon, 06 Oct 2025 14:40:11 +0300"
Во Франции сменилось пять премьер-министров за два года,"Во Франции сегодня подал в отставку очередной премьер-министр Себастьен Лекорню. В кресле главы правительства он провел всего 27 дней, что стало рекордом за всю историю.",https://rg.ru/2025/10/06/vo-francii-smenilos-piat-premer-ministrov-za-dva-goda.html,"Mon, 06 Oct 2025 14:37:05 +0300"
"5 октября состоялось торжественное открытие IV Международной Школы Интернет-БЕЗопасности молодежи ""Человек и технологии""","С 5 по 9 октября 2025 года на базе Мастерской управления ""Сенеж"" президентской платформы ""Россия - страна возможностей"" проходит IV Международная Школа Интернет-БЕЗопасности молодежи ""Человек и технологии"".",https://rg.ru/2025/10/06/5-oktiabria-sostoialos-torzhestvennoe-otkrytie-iv-mezhdunarodnoj-shkoly-internet-bezopasnosti-molodezhi-chelovek-i-tehnologii.html,"Mon, 06 Oct 2025 14:31:07 +0300"
На форуме БИОПРОМ обсудили применение прорывной технологии в лечении рака,"Одна из труднопреодолимых проблем в лечении онкозаболеваний заключается в том, что раковые клетки обладают свойством ""укрываться"" от иммунитета пациента. Ученые долгое время искали возможности, как обойти этот барьер.",https://rg.ru/2025/10/06/na-forume-bioprom-obsudili-primenenie-proryvnoj-tehnologii-v-lechenii-raka.html,"Mon, 06 Oct 2025 14:28:43 +0300"
"Никита Кологривый: Все звезды у нас с обложки, а я - с верхней полки плацкарта","Актер Никита Кологривый станет первым героем программы ""Эксклюзив"" в новом сезоне.",https://rg.ru/2025/10/06/nikita-kologrivyj-vse-zvezdy-u-nas-s-oblozhki-a-ia-s-verhnej-polki-plackarta.html,"Mon, 06 Oct 2025 14:27:07 +0300"
"""Калашников"" показал применение винтовки СВДС против тяжелых дронов ВСУ","Концерн ""Калашников"" опубликовал видео Минобороны РФ с учебного полигона группы войск ""Центр"". В ролике стрелков обучают работе из снайперской винтовки Драгунова со складным прицелом *(СВДС) по актуальным целям - например, тяжелым мультикоптерам ""Баба-яга"".",https://rg.ru/2025/10/06/kalashnikov-pokazal-primenenie-vintovki-svds-protiv-tiazhelyh-dronov-vsu.html,"Mon, 06 Oct 2025 14:26:05 +0300"
"Названы звездные участники нового аналога ""Форта Боярд""","Телеканал СТС объявляет звездный состав своего нового шоу <a href=""https://rg.ru/2025/06/20/sts-zapuskaet-prikliuchencheskoe-teleshou-fort-vozvrashchenie-legendy.html"" rel=""noopener noreferrer"" target=""_blank"">""Форт. Возвращение легенды""</a>, премьера которого состоится уже 26 октября в 21:00.",https://rg.ru/2025/10/06/nazvany-zvezdnye-uchastniki-novogo-analoga-forta-boiard.html,"Mon, 06 Oct 2025 14:26:03 +0300"
В Новосибирской области более 600 единиц техники вышло на трассы для уборки снега,"В Новосибирской области организована круглосуточная работа снегоуборочной техники, также ведется обработка трасс противогололедными средствами.",https://rg.ru/2025/10/06/reg-sibfo/v-novosibirskoj-oblasti-bolee-600-edinic-tehniki-vyshlo-na-trassy-dlia-uborki-snega.html,"Mon, 06 Oct 2025 14:25:09 +0300"
Автомобильный бум: россияне начали сметать машины в Беларуси,"В ожидании возможного увеличения ставок утильсбора россияне активно начали обращать свой взор на рынки и автосалоны соседнего государства. Основной целью поездок в Беларусь является покупка машин, официально ввезенных на территорию республики более года назад, что дает возможность по старым правилам оплатить налог по льготной ставке.",https://rg.ru/2025/10/06/avtomobilnyj-bum-rossiiane-nachali-smetat-mashiny-v-belarusi.html,"Mon, 06 Oct 2025 14:25:07 +0300"
В Челябинске подросток погиб от удара током во время разговора по телефону,"В Челябинске выясняют обстоятельства гибели подростка, разговаривавшего по телефону, поставленному на зарядку. Возбуждено уголовное дело о причинении смерти по неосторожности, сообщили в понедельник в следственном управлении СК региона.",https://rg.ru/2025/10/06/reg-urfo/v-cheliabinske-podrostok-pogib-ot-udara-tokom-vo-vremia-razgovora-po-telefonu.html,"Mon, 06 Oct 2025 14:23:15 +0300"
В Саратовской области эксперты оценили потенциал промышленного туризма,В Саратовской области прошел Региональный практикум по развитию промышленного туризма. Мероприятие было организовано областными министерством инвестиционной политики и Корпорацией развития.,https://rg.ru/2025/10/06/reg-pfo/v-saratovskoj-oblasti-eksperty-ocenili-potencial-promyshlennogo-turizma.html,"Mon, 06 Oct 2025 14:22:02 +0300"
"""Радиостанция Судного дня"" повторила в эфире слово, переданное в феврале 2022-го","УВБ-76, известная как ""Радиостанция Судного дня"" или просто ""жужжалка"", сегодня передала сообщение, слово в котором повторяет то же, что звучало в эфире 11 февраля 2022 года.",https://rg.ru/2025/10/06/radiostanciia-sudnogo-dnia-povtorila-v-efire-slovo-peredannoe-v-fevrale-2022-go.html,"Mon, 06 Oct 2025 14:20:05 +0300"
"На ""Ленфильме"" откроют выставку к 100-летию Иннокентия Смоктуновского","На киностудии ""Ленфильм"" с 9 октября начнет работу масштабная выставка ""Русский Гамлет"", приуроченная к 100-летию со дня рождения народного артиста СССР Иннокентия Смоктуновского. Торжественное открытие экспозиции состоится накануне, 8 октября, в 20:30. Церемонию проведет внучка актера - актриса театра и кино Анастасия Смоктуновская.",https://rg.ru/2025/10/06/reg-szfo/na-lenfilme-otkroiut-vystavku-k-100-letiiu-innokentiia-smoktunovskogo.html,"Mon, 06 Oct 2025 14:20:01 +0300"
"Патрушев сообщил, что в 2025 году ожидается урожай в 135 миллионов тонн зерна","Вице-премьер правительства Дмитрий Патрушев рассказал президенту РФ Владимиру Путину о ситуации в сельском хозяйстве и доложил о ходе уборочных работ. По его словам, в этом году урожайность зерновых выросла на 10% по сравнению с прошлым годом.",https://rg.ru/2025/10/06/patrushev-soobshchil-chto-v-2025-godu-ozhidaetsia-urozhaj-v-135-millionov-tonn-zerna.html,"Mon, 06 Oct 2025 14:19:00 +0300"
Путин принял в Кремле Дмитрия Патрушева,"Президент РФ Владимир Путин в понедельник, 6 октября, провел встречу с заместителем председателя правительства Дмитрием Патрушевым. Одной из первых тем для обсуждения стала экология.",https://rg.ru/2025/10/06/putin-prinial-v-kremle-dmitriia-patrusheva.html,"Mon, 06 Oct 2025 14:16:08 +0300"
Актер Манчан Маган умер вскоре после своего 55-летия от страшной болезни,"Ушел из жизни Манчан Маган, в конце августа ирландский артист отмечал свое 55-летие.",https://rg.ru/2025/10/06/akter-manchan-magan-umer-vskore-posle-svoego-55-letiia-ot-strashnoj-bolezni.html,"Mon, 06 Oct 2025 14:15:01 +0300"
"Эксперт Тузов объяснил, что грозит рынку после вступления в силу закона о такси","Независимый эксперт транспортной отрасли Алексей Тузов рассказал ""Российской газете"" о том, что произойдет с автомобильным рынком после вступления в силу нового закона о локализации в такси.",https://rg.ru/2025/10/06/ekspert-tuzov-obiasnil-chto-grozit-rynku-posle-vstupleniia-v-silu-zakona-o-taksi.html,"Mon, 06 Oct 2025 14:14:59 +0300"
Курский губернатор снова обратится в ФАС по поводу ситуации с бензином,"Губернатор Александр Хинштейн в понедельник <a href=""https://t.me/Hinshtein/15237"" rel=""noopener noreferrer"" target=""_blank"">заявил</a>, что сегодня еще раз свяжется с ФАС по поводу ситуации с топливом в Курской области.",https://rg.ru/2025/10/06/reg-cfo/kurskij-gubernator-snova-obratitsia-v-fas-po-povodu-situacii-s-benzinom.html,"Mon, 06 Oct 2025 14:14:02 +0300"
"Макрон после отставки правительства отправился на прогулку, его сняли на видео",Французского лидера Эмманюэля Макрона спустя несколько часов после объявления об отставке едва назначенного правительства заметили прогуливающимся в одиночестве по набережной в Париже. Соответствующие кадры показал телеканал BFMTV.,https://rg.ru/2025/10/06/makron-posle-otstavki-pravitelstva-otpravilsia-na-progulku-ego-sniali-na-video.html,"Mon, 06 Oct 2025 14:14:00 +0300"
На Кубани объяснили возможные ограничения с топливом на отдельных АЗС,"Власти Краснодарского края заявили о контролируемой ситуации с поставками топлива на автозаправочные станции региона. Как <a href=""https://t.me/opershtab23/14240"" rel=""noopener noreferrer"" target=""_blank"">сообщили</a> в оперативном штабе Кубани, в крае значительные запасы топлива, а перебои с поставками есть лишь на некоторых АЗС.",https://rg.ru/2025/10/06/reg-ufo/na-kubani-obiasnili-vozmozhnye-ogranicheniia-s-toplivom-na-otdelnyh-azs.html,"Mon, 06 Oct 2025 14:12:06 +0300"
Международная олимпиада по финансовой безопасности снова пройдет в Красноярске,В конце минувшей недели в Красноярске завершилась V Международная олимпиада по финансовой безопасности. Мероприятие проходило в течение пяти дней на базе Сибирского федерального университета.,https://rg.ru/2025/10/06/mezhdunarodnaia-olimpiada-po-finansovoj-bezopasnosti-snova-projdet-v-krasnoiarske.html,"Mon, 06 Oct 2025 14:09:36 +0300"
Тимур Родригез хочет через суд снизить алименты детям и бывшей жене,"Комик, шоумен, телеведущий и актер <a href=""https://rg.ru/2025/06/24/tnt-nazval-vseh-zvezdnyh-uchastnikov-svoego-realiti-shou-bolshoj-kush-bangkok.html"" rel=""noopener noreferrer"" target=""_blank"">Тимур Родригез</a> через суд снизить алименты бывшей жене Анне Девочкиной.",https://rg.ru/2025/10/06/timur-rodrigez-hochet-cherez-sud-snizit-alimenty-detiam-i-byvshej-zhene.html,"Mon, 06 Oct 2025 14:09:00 +0300"
В ДТП в Воронеже погибла женщина,"Сотрудники ГАИ <a href=""https://t.me/mvd36/15085"" rel=""noopener noreferrer"" target=""_blank"">изучают</a> причины ДТП в Воронеже, в котором погибла женщина.",https://rg.ru/2025/10/06/reg-cfo/v-dtp-v-voronezhe-pogibla-zhenshchina.html,"Mon, 06 Oct 2025 14:08:12 +0300"
Указавшую на воскресение Христа деталь обнаружил на Туринской плащанице хирург,"Американский хирург-стоматолог Джон Соттосанти <a href=""https://www.academia.edu/143740730/A_Dental_Surgeons_Observance_of_Teeth_in_the_Image_on_the_Shroud_of_Turin"" rel=""noopener noreferrer"" target=""_blank"">представил</a> исследование, в котором утверждает, что на Туринской плащанице можно различить очертания человеческих зубов. Эта деталь, по мнению автора, может стать новым аргументом в пользу гипотезы о ""лучистой энергии"", запечатлевшей изображение тела на древнем полотне. Об этом пишет Daily Mail.",https://rodina-history.ru/2025/10/06/ukazavshuiu-na-voskresenie-hrista-detal-obnaruzhil-na-turinskoj-plashchanice-hirurg.html,"Mon, 06 Oct 2025 14:06:07 +0300"
Полиция проводит проверку по факту стрельбы в воронежском жилкомплексе,Полиция проводит проверку и разыскные мероприятия из-за стрельбы по факту стрельбы по окнам в Коминтерновском районе Воронежа.,https://rg.ru/2025/10/06/reg-cfo/policiia-provodit-proverku-po-faktu-strelby-v-voronezhskom-zhilkomplekse.html,"Mon, 06 Oct 2025 14:05:26 +0300"
ВСУ могут получить 60 самоходных гаубиц M110А2 из Греции,"Греческие сухопутные войска решили избавиться от части находящихся у них на вооружении 203-мм самоходных гаубиц M110А2. Всего у них имелось 145 таких орудий, шесть десятков из них будут проданы Чехии, а та отправит САУ формированиям киевского режима.",https://rg.ru/2025/10/06/vsu-mogut-poluchit-60-samohodnyh-gaubic-m110a2-iz-grecii.html,"Mon, 06 Oct 2025 14:03:00 +0300"
Скоростная железная дорога свяжет Минск с аэропортом и индустриальным парком,"К реализации одного из самых ожидаемых инфраструктурных проектов - строительству скоростной железной дороги в минский аэропорт с остановкой в ""Великом камне"" - приступили специалисты индустриального парка.",https://rg.ru/2025/10/06/skorostnaia-zheleznaia-doroga-sviazhet-minsk-s-aeroportom-i-industrialnym-parkom.html,"Mon, 06 Oct 2025 14:00:48 +0300"
Стоимость золота приближается к 4000 долларов за унцию,"В понедельник, 6 октября, стоимость золота начала резко расти. Об этом свидетельствуют данные торгов.",https://rg.ru/2025/10/06/stoimost-zolota-priblizhaetsia-k-4000-dollarov-za-unciiu.html,"Mon, 06 Oct 2025 13:59:11 +0300"
Ганчев: Российские войска в Харьковской области расширяют контроль вдоль границы,"Освобождение Отрадного в Харьковской области позволяет расширить контроль над территорией вдоль российской границы. Об этом <a href=""https://tass.ru"" rel=""noopener noreferrer"" target=""_blank"">ТАСС</a> сообщил глава Харьковской ВГА Виталий Ганчев.",https://rg.ru/2025/10/06/ganchev-rossijskie-vojska-v-harkovskoj-oblasti-rasshiriaiut-kontrol-vdol-granicy.html,"Mon, 06 Oct 2025 13:56:05 +0300"
Renault подверглась кибератаке: чем это грозит клиентам,"Компания Renault Group подтвердила факт хакерской атаки, в ходе которой были похищены персональные данные клиентов через уязвимость в системе стороннего провайдера. Renault отмечает, что ее собственные IT-системы не были взломаны.",https://rg.ru/2025/10/06/renault-podverglas-kiberatake-chem-eto-grozit-klientam.html,"Mon, 06 Oct 2025 13:54:01 +0300"
Приняты работы по ремонту улицы Чижевского,"В составе комиссии итоги ремонта оценили председатель Думы городского округа города Калуги Юрий Моисеев, депутаты Думы и временно исполняющий полномочия главы городского округа города Калуги Дмитрий Денисов.",https://rg.ru/2025/10/06/reg-cfo/priniaty-raboty-po-remontu-ulicy-chizhevskogo.html,"Mon, 06 Oct 2025 13:54:00 +0300"
"Жительницы Городца отправляют в зону СВО вещи, связанные своими руками","В октябре прошлого года первая партия вязаных носков отправилась на фронт от жительниц Городца. Во главе инициативной группы стояла Наталья Васильевна Жук, которой было важно оказать реальную поддержку людям, отправившимся защищать Родину.",https://rg.ru/2025/10/06/reg-pfo/zhitelnicy-gorodca-otpravliaiut-v-zonu-svo-veshchi-sviazannye-svoi-rukami.html,"Mon, 06 Oct 2025 13:52:58 +0300"
112: Голая пациентка в простыне и с катетерами сбежала из Склифа после операции,"Девушка, будучи голой, но обернувшись в простыню, сбежала из института Склифосовского в Москве после операции. Об этом <a href=""https://t.me/ENews112/22480"" rel=""noopener noreferrer"" target=""_blank"">сообщает</a> Telegram-канал 112.",https://rg.ru/2025/10/06/112-golaia-pacientka-v-prostyne-i-s-kateterami-sbezhala-iz-sklifa-posle-operacii.html,"Mon, 06 Oct 2025 13:50:44 +0300"
Вячеслав Гладков сообщил о предоставлении участков под ИЖС для участников СВО,"""За пять дней более 300 участников СВО подали заявки на участие в программе по предоставлению льготной земли в Белгородской области"", - сообщил глава региона Вячеслав Гладков в ходе еженедельного оперативного совещания. Он отметил, что новая форма поддержки предоставит возможность семьям участников СВО построить собственные жилые дома на участках.",https://rg.ru/2025/10/06/reg-cfo/viacheslav-gladkov-soobshchil-o-predostavlenii-uchastkov-pod-izhs-dlia-uchastnikov-svo.html,"Mon, 06 Oct 2025 13:48:08 +0300"
В Яванском море произошел взрыв от падения метеорита,"В Яванском море неподалеку от побережья Индонезии произошел взрыв, когда там упал крупный метеорит. Об этом сообщают индонезийские СМИ.",https://rg.ru/2025/10/06/v-iavanskom-more-proizoshel-vzryv-ot-padeniia-meteorita.html,"Mon, 06 Oct 2025 13:47:32 +0300"
Число погибших при обрушении потолка в школе в Индонезии достигло 54,"Число погибших при <a href=""https://rg.ru/2025/09/30/v-indonezii-obrushilos-zdanie-shkoly-internata-tri-cheloveka-pogibli.html"" rel=""noopener noreferrer"" target=""_blank"">обрушении потолка</a> в школе-интернате в Индонезии достигло 54, согласно информации Национального агентства по борьбе с бедствиями. Поиск пропавших без вести в результате этого происшествия продолжается уже неделю, но шансов найти выживших практически нет.",https://rg.ru/2025/10/06/chislo-pogibshih-pri-obrushenii-potolka-v-shkole-v-indonezii-dostiglo-54.html,"Mon, 06 Oct 2025 13:45:08 +0300"
"Новый кроссовер ""Москвич"" прошел сертификацию в РФ: подробности и фото","В базе Росстандарта появилось одобрение типа транспортного средства для нового ""Москвича"". Конкретики, что это за модель, пока нет, но индекс, указанный в ОТТС, позволяет предположить, что отечественный бренд сертифицировал кроссовер на базе MG.",https://rg.ru/2025/10/06/novyj-krossover-moskvich-proshel-sertifikaciiu-v-rf-podrobnosti-i-foto.html,"Mon, 06 Oct 2025 13:45:02 +0300"
"""Назначен санитаром"" - как Сергей Есенин участвовал в Первой мировой войне",Где и как Сергей Есенин участвовал в Первой мировой войне,https://rodina-history.ru/2025/10/06/naznachen-sanitarom-kak-sergej-esenin-uchastvoval-v-pervoj-mirovoj-vojne.html,"Mon, 06 Oct 2025 13:41:02 +0300"
Докладная Бонч-Бруевичу рассекретила ужасное положение с пожарами в 1920-м,"Докладная записка московского бранд-майора от февраля 1920 года на имя Управляющего делами Совета народных комиссаров Владимира Бонч-Бруевича рассказывает о сложнейшем состоянии противопожарной службы Москвы в тот период. Документом <a href=""https://t.me/garf_docs/1242"" rel=""noopener noreferrer"" target=""_blank"">поделился</a> телеграм-канал Государственного архива РФ.",https://rodina-history.ru/2025/10/06/dokladnaia-bonch-bruevichu-rassekretila-uzhasnoe-polozhenie-s-pozharami-v-1920-m.html,"Mon, 06 Oct 2025 13:40:02 +0300"
"Новосибирские хирурги ""вырастили"" девочке с атрезией новый нос","Хирурги челюстно-лицевого отделения Городской детской клинической больницы скорой медицинской помощи Новосибирска помогли пациентке, у которой диагностировали атрезию - аномалию, при которой в организме отсутствуют естественные каналы. У девочки не было части носа и носовых ходов.",https://rg.ru/2025/10/06/reg-sibfo/novosibirskie-hirurgi-vyrastili-devochke-s-atreziej-novyj-nos.html,"Mon, 06 Oct 2025 13:38:05 +0300"
Директор СВР Нарышкин: Навальный умер своей смертью,"Глава Службы внешней разведки России Сергей Нарышкин дал интервью YouTube-каналу ""Соловьев Live"", в котором рассказал, кто подорвал ""Северные потоки"" и какие договоренности есть у российской разведки с ЦРУ, а также о том, что он думает о смерти Алексея Навального и военных действиях на Украине. Главное из беседы с главой СВР - в материале ""Газеты.Ru"".",http://www.gazeta.ru/politics/2024/03/05/18378073.shtml,"Tue, 05 Mar 2024 23:58:55 +0300"
HGC: в Красном море повреждены четыре кабеля глобального интернета,"Пользователи со всего мира жалуются на проблемы с доступом к соцсетям - одновременно перестали работать Facebook*, Instagram, YouTube, некоторые сервисы Google и другие приложения. Сбои могут быть связаны с перегрузкой, которая возникает на оставшихся в Красном море кабелях связи. В конце февраля хуситы перебили четыре линии, соединявшие Европу, Африку и Азию.",http://www.gazeta.ru/tech/2024/03/05/18377935.shtml,"Tue, 05 Mar 2024 22:20:54 +0300"
"Госдеп сообщил о скорой отставке замгоссекретаря США Нуланд, ее пост займет Басс","""Архитектор"" политики Вашингтона по Украине Виктория Нуланд уходит в отставку. Пост замгоссекретаря США она покинет в ближайшие недели, сообщил глава Госдепа Энтони Блинкен. Нуланд проработала на госслужбе более 35 лет при шести президентах США, все это время ее карьера была неразрывно связана с Украиной и Россией. Чем запомнилась ""дама с печеньками"" - в материале ""Газеты.Ru"".",http://www.gazeta.ru/politics/2024/03/05/18377485.shtml,"Tue, 05 Mar 2024 20:48:31 +0300"
МУС впервые выдал ордера на арест российских военачальников Кобылаша и Соколова,"Международный уголовный суд в Гааге выдал ордера на арест командующего дальней авиацией России Сергея Кобылаша и командующего Черноморским флотом РФ адмирала Виктора Соколова. По версии суда, Соколов и Кобылаш ответственны за удары по объектам украинской энергетической инфраструктуры. Россия юрисдикцию МУС не признает, а в Минобороны РФ не раз подчеркивали, что военные не наносят ударов по гражданским объектам.",http://www.gazeta.ru/politics/2024/03/05/18377203.shtml,"Tue, 05 Mar 2024 18:19:04 +0300"
"Кая Каллас показала свой завтрак после обвинений Politico, что она ест россиян","В ЕС сомневаются, что премьер-министр Эстонии Кая Каллас сменит Жозепа Борреля на посту главы дипломатии Евросоюза. Газета Politico написала, что едва ли на этот пост назначат человека, которому ""нравится есть россиян на завтрак"", имея в виду ее чрезмерно резкие высказывания в адрес России. Каллас в ответ на публикацию решила доказать, что ее завтрак выглядит по-другому. Но издание не поверило, что эстонский премьер ""регулярно ест мюсли"".",http://www.gazeta.ru/politics/2024/03/05/18377029.shtml,"Tue, 05 Mar 2024 18:47:34 +0300"
Американская актриса Ева Мендес отмечает 50-летие,"Американская актриса и модель Ева Мендес родилась 5 марта 1974 года в Майами в семье кубинских иммигрантов. Вскоре семья перебралась в Лос-Анджелес. После школы Ева пошла учиться на дизайнера интерьеров в Университет штата Калифорния, но ...",http://www.gazeta.ru/photo/18376837/eva-mendes-bday-55.shtml,"Tue, 05 Mar 2024 17:04:44 +0300"
Как изменились российские города за 20 лет,"В 1990-е годы российские города представляли собой печальное зрелище — ветшающее жилье, заброшенные парки, городские улицы, напоминающие восточный базар. Но за 20 лет на смену унылым ""панелькам"" пришли современные многоквартирные дома с площадками для воркаута. Теперь гулять в парке — это не значит рисковать жизнью. О том, как изменился облик российских городов, — в новой главе проекта ""Газеты.Ru"" ""Россия для людей"".",http://www.gazeta.ru/russiaforpeople/recreation.shtml,"Mon, 04 Mar 2024 10:58:37 +0300"
